-0.164044	-0.401676	0.674222	0.482164	-1.161549	-0.98146	3.348882	-1.71387	-0.196965	0.990894	-0.004068	0.867712	0.737946	-1.366665	1.229489	2.145822	-0.35449	1.987208	2.614036	-2.754776	1.598683	-4.721089	2.152849	1.038243	-1.180115	-1.564309	0.425171	-1.031845	2.712114	-4.984557	-2.354103	-1.359348	-1.043939	-2.627943	0.28663	-1.647588	-2.111055	1.313313	-2.812016	0.761683	-2.44592	-0.439116	-2.763192	-0.966961	-0.425315	-0.45276	0.561189	-1.85824	-1.512243	-0.128643	1.717142	-0.603913	0.443449	0.76341	0.693674	-1.316241	0.647515	-1.119438	-2.082363	-1.618041	-2.21665	-1.463153	-3.368641	-0.469456	3.194153	-0.33887	-0.176337	0.648116	1.692105	-1.484002	-2.487574	2.247813	2.211475	-0.449001	1.57551	1.121108	-2.797217	0.150742	-1.572585	-6.330111	1.237698	-2.226565	2.907807	-0.796758	1.445608	0.338655	0.216972	-3.88122	0.495373	1.732857	-0.6647	-0.022877	3.018898	-0.082997	3.036	-2.105256	-0.723326	1.800004	-0.54936	3.941689	0.482721	0.932371	-1.501572	-0.072686	-1.261459	1.116712	0.347849	-2.204298	1.586084	0.382231	-1.001808	-0.246839	-2.301493	2.760715	-3.251126	2.606498	-2.122513	0.852817	-1.773596	0.908972	0.833868	-1.488859	-3.369231	-0.620087	0.184794	2.333781	-1.977258	-2.688067	0.42101	-1.058078	3.593446	0.031605	0.966286	-3.335666	4.127124	-1.899749	1.925549	-1.623262	4.214266	0.272262	0.098098	0.045969	-2.54932	-0.132629	0.416013	-0.484119	-0.926669	0.147298	0.418666	1.129648	1.467493	-3.400304	-0.926875	1.058072	0.09564	-0.765207	-3.278057	1.93754	2.170795	-1.636602	2.254328	0.369552	-0.370744	-0.704295	4.234036	1.347738	-1.11751	1.065052	-0.83482	-3.462958	1.824392	-4.461555	-0.242453	-3.618261	-0.116716	1.461131	2.740964	-0.32308	1.607164	0.082775	0.964935	0.18622	-0.901901	-3.362645	-1.233337	3.858112	0.092285	-2.068478	-0.581022	1.665875	-1.76316	-2.755991	-3.875366	0.281874	0.154596	2.706335	0.891054	-2.009194	-2.122543	-0.055994
0.032605	0.961522	-0.251533	1.263597	0.966581	0.888674	-0.916251	-2.588658	0.569107	-1.003829	-1.840038	3.176265	-1.247055	0.414025	1.805706	0.783253	0.608414	1.232174	2.397971	-1.082967	2.630873	-1.992824	-0.172295	-1.169156	-1.187389	-0.242218	1.474191	-0.847235	1.50784	-3.703391	-0.416558	-3.80449	-0.438564	0.015373	0.440746	-1.286608	-0.406856	1.215018	-3.382752	-1.268658	-1.415906	-0.685591	-1.01401	-0.169655	2.081203	-2.159657	-0.049432	-2.372386	-0.072303	-0.130152	1.050924	-0.690468	0.01428	-0.729782	-0.742595	0.715396	2.470145	-1.262567	-1.175854	-2.767327	-3.201784	-2.045582	0.388171	-0.562827	1.240892	-1.129748	-1.572342	0.164102	0.460351	-2.312951	0.221919	-0.892346	-0.663523	-0.282921	0.526974	-0.381216	-0.310747	-1.160649	-2.182215	-1.630245	0.422011	-1.857329	2.000275	1.355628	1.12861	-0.870071	-1.449484	-1.842658	0.460103	0.331096	-0.927995	0.388677	1.603821	-0.897079	0.587381	0.097398	0.030301	-1.204922	0.32402	4.316623	2.761022	-0.29134	-0.377094	0.386065	1.447309	0.931979	1.430312	-1.094233	-0.253181	0.926105	1.365525	-0.142394	-2.059448	-1.474365	0.020275	-1.198084	-2.309289	1.792742	2.592096	-1.021401	-1.310192	-0.238805	-2.542976	-0.349948	1.64647	0.668711	-1.597021	-1.203504	-0.474228	0.380767	-2.219886	0.103564	-0.758286	-1.247949	2.120102	-0.983269	-1.638802	0.517819	-0.345715	-0.740803	2.09234	1.001801	-0.149492	0.130432	-0.173177	-1.012729	-0.714937	-0.606186	2.076792	1.185771	1.652357	-1.570845	-0.386648	2.210193	-1.116807	1.308229	-0.289713	1.235727	0.762928	-1.209617	0.323816	-0.706258	-2.476656	-2.038976	2.13168	-0.558911	-0.65053	1.085717	-0.317009	-1.922579	1.351632	-0.536096	-0.782869	-2.671395	-2.601802	-0.305536	2.182336	-0.735436	0.323171	-1.844264	0.401072	0.565469	-1.533264	-0.603827	1.658853	1.132608	-0.960435	-0.918958	0.259514	0.122973	-1.842372	-2.60058	-2.391498	1.584918	1.602399	0.384403	-0.95368	-0.67089	-1.462026	2.079266
-0.127111	4.065501	-0.626132	1.233067	1.271119	0.355103	-0.253263	-2.570966	0.029638	1.592014	-1.106657	-0.385072	-0.320518	-3.89264	1.39888	-1.093477	2.910242	1.561848	2.509927	-2.416154	1.887829	-2.213923	1.389625	-0.610741	-2.625233	-0.13025	1.572772	-0.760029	3.360593	-3.035355	1.475249	-1.925198	1.925074	-2.094321	1.935891	-3.016772	-0.398777	-0.214258	-2.07911	0.886631	0.813056	0.001652	1.543918	-0.747417	1.029653	-1.861731	-1.901882	-3.100078	-0.248224	1.296364	0.901527	0.593059	-1.844685	-0.688457	0.496529	3.265451	1.615414	-0.833431	0.303829	-3.009998	0.09877	0.086068	-0.87324	-2.811488	1.625443	-0.522709	-2.728557	2.809758	-0.799461	-3.577295	0.053271	1.490144	0.485545	0.832353	0.690425	-0.939729	-0.307029	-0.644139	1.371844	-2.636225	0.307245	-1.969466	1.824298	3.348631	2.838364	0.176391	1.095189	-2.391704	-0.485869	-0.408281	-0.036109	-1.581946	1.913159	-3.262035	3.698197	-3.29058	-3.175049	-1.218937	-1.32171	1.364475	0.316289	0.042375	1.500947	1.326373	2.121113	0.685341	0.341976	-1.265205	-1.22228	-1.364156	0.604112	0.551462	-2.844526	2.718612	-0.184863	1.315233	-1.92909	1.422184	2.243214	-1.174423	0.283091	-2.085862	-1.791888	-1.971685	1.090901	0.436028	-0.959726	-0.93023	0.589725	1.644619	-2.439617	0.349351	-1.524249	-1.334194	2.670375	-0.504668	-3.088864	2.094471	2.133028	-1.725859	3.151837	-1.90479	-0.465865	-1.02264	0.504187	-1.635194	2.575224	-2.742241	3.279391	-1.342345	2.192484	0.89574	2.212215	3.45507	-0.214631	1.492654	-0.221701	3.739406	-1.365204	-0.174379	-0.453084	-0.548865	-2.349549	-2.324223	1.715674	-0.376539	-1.283492	-1.265382	0.023612	-0.638312	-0.571984	-0.344388	0.705534	0.882806	-0.776082	-2.681006	2.131174	-0.593365	-0.397419	-2.962274	1.036214	0.1037	-1.268995	-0.499981	0.259214	0.218607	0.101646	0.702356	0.250829	0.037652	-2.077915	-3.989005	-2.086104	1.123605	0.914006	-1.514594	-0.530948	-0.033562	1.010314	-0.033629
2.684759	1.19992	-1.375866	0.741199	1.623966	0.234066	-2.173615	-2.677015	0.224307	0.621383	-0.121732	1.069993	-1.254052	1.915735	-1.841697	0.510771	-0.650429	1.373514	0.58107	0.635249	1.64413	-0.307106	0.235685	-3.140575	-2.20722	0.021671	2.173154	0.37283	-0.105528	-0.460449	2.408881	-2.192279	1.875379	1.18887	0.230962	-3.056278	3.375828	-0.125056	-0.407429	-1.137598	0.122634	0.273918	-0.754237	-1.933265	-0.646224	-0.040496	-0.535731	-3.133842	1.940965	-2.172724	-0.197783	1.848105	-1.861202	0.721999	-0.494685	1.29952	1.660183	0.99421	-0.043547	-1.583211	0.309583	-0.175188	0.728293	-0.032057	0.257115	-0.586451	-2.995489	-0.333528	-2.245412	-0.959039	-0.591702	0.075396	0.744629	-1.555857	0.345872	0.161761	-1.739745	-0.108027	1.987708	-1.511117	-0.423057	0.318139	0.85914	-0.155333	1.788823	-0.836729	0.525499	-2.582111	-1.315286	-1.311723	0.085738	0.002354	0.68793	-1.45387	2.122591	0.750333	-0.937434	-2.065442	0.509238	1.635962	2.25587	-1.731008	1.752612	-0.430871	2.30073	-1.209022	1.836823	-1.361841	0.957594	-1.951695	2.735548	-0.830589	-1.066633	-1.164059	-0.53973	0.206708	-2.100667	2.268175	0.351234	-0.067257	-0.090977	-2.255969	-2.13755	1.17263	2.576072	0.450505	-0.140402	0.182572	-0.805881	1.659392	-0.90304	0.637297	-1.883122	-0.731043	3.305176	0.852721	0.28846	3.111309	0.573925	0.468604	1.944327	-1.44897	1.689113	-0.471047	1.503931	0.317296	1.235834	2.101975	1.422532	0.338684	3.096825	-0.026355	-0.505769	3.016445	-0.114312	1.205858	-0.67465	0.350359	1.339595	-3.149468	-0.120109	-0.166018	-2.311359	-2.020708	1.486751	-0.509523	0.185632	-0.052768	-2.107548	0.47959	1.23413	-2.243184	0.83119	-0.475296	-2.022298	0.857553	-0.282408	-1.498479	-2.68248	-1.216203	-0.999855	0.909623	-1.088935	0.92197	0.192394	-0.633821	-0.800348	-0.376676	0.121534	1.321696	0.134065	-2.556111	-2.014733	1.071732	0.196902	-0.276343	-0.816353	-1.453979	-0.287012	1.703861
0.163151	0.464918	0.166943	0.165936	0.1814	0.007985	0.024484	-0.3662	-0.400943	-0.25859	-0.155865	0.287147	-0.172552	0.297757	0.073485	0.083784	0.276727	0.338063	0.12884	-0.018341	0.377636	-0.133568	0.047051	-0.556047	-0.130595	-0.186041	0.312147	-0.05216	0.237111	-0.241541	-0.207723	-0.426633	0.09338	-0.110001	0.138484	-0.368713	-0.102533	0.066872	-0.540022	0.092902	-0.008505	-0.002198	-0.230386	-0.066368	0.044898	-0.251159	0.096199	-0.414075	-0.151389	-0.251681	-0.179415	0.148587	-0.00445	-0.107564	-0.144082	0.429585	0.099856	-0.173411	0.082515	-0.37699	-0.293054	-0.117543	-0.079778	-0.090594	0.455399	0.111456	-0.142153	0.06951	-0.054771	-0.558859	0.00453	-0.244299	-0.060188	-0.183643	-0.037998	0.119758	-0.231143	-0.059656	-0.163444	-0.69998	0.334777	-0.20145	0.26321	0.499311	0.399536	-0.168374	0.043076	-0.188537	0.222278	0.048594	-0.297324	0.376311	0.031115	-0.077907	0.126119	0.199929	-0.133464	-0.145682	-0.248151	0.244613	0.532394	-0.023973	-0.045401	0.14198	0.276853	-0.063212	0.385379	-0.252478	-0.117622	-0.025839	0.318661	-0.069716	-0.213326	0.323489	0.038902	-0.060504	-0.239683	0.265733	0.504125	-0.213648	0.050385	-0.292528	-0.033761	-0.275575	0.401577	0.323711	-0.177584	-0.303157	-0.090006	0.263443	-0.08268	0.060637	-0.060255	-0.276638	0.243919	0.084707	-0.153086	0.150242	0.117163	-0.512177	0.438731	-0.071836	0.184699	-0.020098	0.187811	-0.018833	0.211327	-0.142654	0.337992	0.003311	0.223256	-0.074272	0.323224	0.377978	-0.141673	0.095454	-0.267125	0.165985	-0.099531	-0.18248	0.168882	-0.45573	-0.337624	-0.29937	0.006847	0.019444	-0.178708	-0.049651	-0.325505	-0.350344	0.105019	-0.325274	-0.097551	-0.145806	-0.390032	0.158265	0.15211	-0.024715	0.128887	-0.21735	-0.252297	0.114636	-0.185179	-0.392222	0.269604	0.205308	-0.025717	-0.063419	-0.138858	0.1412	-0.00715	-0.535464	-0.410054	0.191521	0.144301	0.089503	-0.118065	0.009264	-0.01441	0.275508
0.353506	0.494308	-0.252738	0.694118	0.244007	0.276455	0.131017	-0.503612	0.041991	0.069159	-0.525282	-0.047385	-0.008831	0.538461	-0.094699	0.280091	0.22866	0.059847	-0.215864	0.366396	0.479083	-0.711441	-0.400741	-0.501856	0.524091	0.107657	0.442983	-0.417033	0.112242	-0.333054	-0.487805	-0.623397	0.045461	-0.304249	0.261261	-0.246752	-0.309595	-0.656092	-1.014935	0.119532	-0.061877	-0.42554	0.487164	-0.015966	0.229908	-0.279032	0.423682	-0.529675	-0.034988	0.248905	0.17586	0.436212	-0.209965	0.236228	-0.470133	0.32327	0.400693	-0.423599	-0.066394	-0.66021	-0.587253	-0.297816	0.064402	-0.102409	0.426221	-0.58287	-0.210862	-0.713191	-0.506407	-1.084924	-0.002864	-0.288007	-0.174726	0.092935	0.026556	0.105338	-0.435607	-0.305976	0.020085	-0.624035	0.552166	-0.325705	0.375776	0.458	0.341913	0.078356	0.013576	0.081445	0.320778	-0.247701	-0.48312	0.500416	0.474041	-0.087259	0.421804	-0.06298	-0.015089	-0.419184	-0.042014	0.087284	0.149019	0.042545	-0.086069	-0.120434	0.363118	-0.767308	-0.029958	-0.299944	0.021188	0.162647	0.413811	0.570484	-0.005397	0.66927	-0.225587	0.861191	-0.515919	0.526447	0.739891	-0.139187	-0.323595	-0.602869	0.344508	-0.209238	0.54167	0.645112	-0.259017	-0.747403	-0.380838	0.064385	-0.427724	0.287158	-0.674341	-0.980365	-0.031499	0.50099	-0.198435	0.098937	0.394591	-0.322553	0.768247	-0.364812	-0.743067	-0.131444	0.679101	0.210401	0.029354	-0.711868	0.633124	0.033048	-0.026069	-0.330978	0.131466	0.568488	-0.068594	0.186309	0.427712	0.1394	-0.292417	-0.346195	0.029736	-0.908659	-0.618924	-0.947572	-0.162851	-0.053764	0.050197	0.151714	-0.323552	-0.666231	-0.221052	0.276932	0.446643	0.226211	-0.47146	0.036155	0.577719	0.24756	-0.056966	-0.015849	-0.855064	0.228746	-0.275864	-0.776201	-0.315294	0.568304	-0.450345	-0.475763	-0.115451	-0.042918	0.349905	-1.061913	-0.729257	0.289808	-0.014813	-0.040615	-0.082262	-0.012229	0.124389	0.245616
0.523753	0.017695	-0.878172	1.220842	1.401784	0.814481	-0.128619	-1.283727	-0.988258	-0.651114	-0.547272	0.073871	-0.263801	0.158539	0.754213	0.037631	2.035905	0.144709	0.471213	0.13052	-1.033284	-1.791932	-0.397254	-1.501127	-0.283908	-0.107053	1.148973	-1.760753	1.430658	-1.751605	-2.256352	-3.135399	0.34932	-0.061835	0.65199	-0.458962	-0.542526	0.164839	-2.617199	0.679205	-1.199894	-1.583284	-0.431381	0.629811	0.774365	-1.685156	-0.015882	-2.574646	-0.19048	0.410387	-1.312712	1.988385	-1.654236	0.209404	-0.193829	1.223733	0.320812	-1.785931	0.087997	-1.441343	-0.784611	-1.490917	0.625343	-0.244857	1.408769	-1.528625	-0.46389	0.771362	0.427004	-3.01389	1.879597	-0.499055	-1.279986	-0.278807	0.96954	0.235173	-1.729831	-0.871139	-0.561933	-0.893769	1.685098	-0.566489	0.555709	2.073638	1.716735	-2.428217	0.406542	-1.173519	0.760126	-0.006928	-0.625189	-0.995007	1.463452	-0.036602	1.166833	1.306746	-1.124177	-1.085737	-0.802033	0.664657	0.990101	-0.388018	-0.373616	-1.096434	0.54004	0.250336	-0.000523	-2.408151	-0.945474	0.821961	0.588126	0.796349	-1.623794	-0.804612	-0.332116	1.930674	-0.767262	1.723706	2.440816	-0.087304	-1.464302	-1.280802	-0.129139	-2.353295	1.119882	0.465375	-0.003209	-0.630772	-1.069819	0.659914	-1.822894	0.540591	-1.75165	-1.810245	0.539991	-0.472645	-0.711608	2.147826	0.448074	-2.408252	1.364278	-1.166684	-1.225569	-2.047907	1.157652	-1.224561	1.451673	-0.144213	1.921691	0.222338	-0.526534	-1.161883	2.286819	2.198443	0.111723	-0.430017	-0.087092	0.937743	-0.035972	0.223765	0.324481	-0.400581	-0.886055	-3.207404	-1.371872	1.507436	0.947558	-0.557011	-0.145409	-0.56756	-0.695484	-0.185161	1.507625	0.508967	-0.140257	0.05663	1.059713	-0.316628	-0.017165	0.383876	-0.051364	-0.279766	-0.654431	-0.862189	1.333567	1.648351	0.615757	0.516473	0.286399	-0.315841	-0.430725	-2.714522	-0.510556	1.011781	1.721449	0.828074	0.050163	1.569937	-0.280054	1.283186
2.086242	1.174129	0.312439	1.055591	-0.143839	2.631633	0.375861	-0.080529	0.40766	-0.592616	-1.502702	0.111522	1.533372	1.692853	-1.336647	1.787583	0.372832	-0.498837	0.38881	1.46653	0.475532	-4.512845	-1.022657	-0.541487	-3.76894	-0.873773	1.19693	-1.387325	0.93292	-3.858663	-3.620044	-3.336899	-0.780587	-0.190691	0.571898	0.710014	0.899583	1.022959	-1.49366	1.376002	1.375654	-1.966823	0.784108	1.671667	2.419703	-1.311321	0.839473	-1.252976	0.633441	-0.572434	0.916032	1.880972	-1.684341	1.877038	-0.69259	4.840128	0.272123	-2.253926	-1.29927	-1.575668	-0.742876	-3.91543	-1.556932	0.092492	2.083263	-2.257665	-0.218724	-0.530888	0.935985	-3.320775	2.482633	-1.142377	-0.34683	0.188545	3.283741	-1.120316	-1.875937	-2.438057	-0.333736	-4.602603	-0.870337	-1.845286	0.196617	4.994863	1.70555	-0.171754	-1.0455	-0.837281	-0.320139	0.28216	-0.209041	1.122173	-2.380719	-0.75518	-1.639203	0.142894	-0.10256	-4.281243	-2.627373	0.503315	0.923116	2.140442	-1.497266	-1.486091	1.801762	-0.20025	1.259252	-3.137306	0.583547	1.21775	1.070296	1.924777	-1.455494	0.939225	0.453737	2.635724	-1.094347	1.859065	1.691517	-0.946921	-1.199589	-2.750031	0.538593	-3.691636	-1.748589	0.884052	2.220026	-0.43456	-1.700145	0.059377	-1.492079	-2.370324	-0.297449	-0.870341	0.122668	0.219476	-2.976013	2.22889	1.270157	-1.061314	2.857581	-0.714294	-1.471058	-1.289683	2.75742	-1.801965	1.472652	-1.843747	2.942219	-0.19458	-1.245335	-1.833743	1.501616	2.772761	-1.3611	0.919646	0.142671	-0.323699	-1.389553	2.58634	-0.48093	-2.478599	1.385202	-2.235532	-0.111049	1.071544	-0.70739	-2.221627	1.846057	-1.224892	-1.906761	0.411783	0.617245	-0.434399	0.262628	0.733397	0.167602	1.87397	-1.215086	-0.772386	-2.095928	-1.124242	0.342412	-1.451697	2.374802	1.613112	-1.917936	-1.770988	-1.419514	-1.159391	0.107786	-5.460518	-1.711618	0.051805	0.695476	-0.51115	-0.543605	-0.008582	-1.91714	-2.026474
0.825717	-3.147701	1.922287	1.11927	-0.420451	4.340769	2.38292	0.851653	-1.334971	0.759525	-1.339187	1.397047	0.650436	-0.79773	-1.143363	0.533537	0.356873	-0.001459	-0.995584	-1.210697	3.287853	-2.404979	-0.611499	-3.192953	1.327279	-0.430515	1.436871	-1.836799	0.286056	-2.023198	-2.855546	-1.562644	-3.809579	0.11095	1.664061	0.558127	-2.753277	-0.099161	0.365056	-0.725895	-2.214558	0.156123	-0.423722	0.900374	0.818329	-1.066862	1.668263	-1.535989	-0.459722	0.440772	0.788767	-1.763627	2.252421	1.093775	-0.429653	0.779402	1.521526	-0.76569	-3.248438	-1.233306	-3.773025	-1.402752	-2.459602	2.633559	2.111777	-0.062736	2.290686	0.195897	1.097578	-2.212072	-2.142385	-2.54775	1.216549	1.402492	2.767394	-0.877939	-2.560598	-1.702257	-2.570108	-4.195545	1.805923	0.214309	0.769379	2.906765	-1.292717	-1.053698	-2.221525	0.285902	-0.381039	0.478734	-2.394274	0.885148	0.841282	1.769579	0.690925	0.712096	-1.022317	-0.960773	0.474872	-0.735864	1.808195	4.154211	1.377407	1.429673	-0.458592	-1.550302	-1.348878	-0.549817	0.331678	0.545586	0.155801	0.056987	-0.395502	1.357962	-2.176802	0.985488	-4.152344	3.242583	-1.258804	0.783417	-0.581118	-1.642877	1.538777	1.479271	1.793581	0.887352	0.568562	-2.492151	2.354917	-3.059056	0.636748	-2.924697	-2.277988	-1.871553	1.277583	0.403937	-3.209556	1.665383	2.680851	-1.069246	-2.697116	-0.743096	-2.377517	1.251603	-1.757468	-1.50629	-1.285125	-2.707851	-0.575048	1.745427	0.947018	-0.622315	-0.174437	1.188757	-0.670469	3.202703	-0.93438	0.885349	0.450636	2.657951	1.666205	-0.832255	-2.862097	-2.53214	-0.408549	1.687786	-0.248323	2.320017	-1.661394	-0.530306	1.599719	1.502145	0.449569	-2.771889	-0.961274	0.101862	-1.654649	-2.345568	-1.170123	0.202463	-1.183432	2.94264	-1.311872	0.4439	-0.481063	-0.698284	0.385708	-1.095454	-5.110723	-3.793708	-1.332625	-4.264175	-1.719458	-0.285627	-0.960176	1.149187	-0.566516	1.669898	-0.783967	1.51612
1.681213	-1.232043	0.465441	2.94459	0.618881	0.330618	4.439909	-1.782349	-3.864056	1.309568	-1.364544	-1.400788	1.944451	2.228356	0.875491	0.331282	-3.735184	-0.284447	-2.516098	0.592232	0.135821	-3.526122	-1.507559	-0.36721	-1.257557	-1.894265	0.28435	1.520827	-2.415262	-1.386198	-2.131125	0.975456	-5.680737	2.995232	-4.020169	0.428043	-3.305902	0.737967	3.846551	-3.223097	0.868704	0.251106	-2.385279	-0.812254	2.189024	-0.308995	-2.166958	-3.829385	0.307899	1.498652	3.949005	-2.659603	2.382947	0.271	-2.475108	3.41421	2.458454	2.331851	-3.087104	0.837851	-0.69461	-2.162567	0.280661	3.015706	0.57711	-0.423236	0.564811	-0.761037	-1.643248	-4.108397	-4.356903	-2.699941	0.897533	-2.427129	0.789118	-1.001755	-2.695805	-0.498081	-3.798725	0.180175	-1.319051	2.051487	-2.206873	4.257578	-2.577921	1.939176	-0.526377	3.916386	1.350113	-0.133252	0.367536	1.142453	-0.937123	1.783201	0.564686	3.578511	0.553928	-0.035871	0.163111	-1.480839	-0.184299	5.043836	0.979007	1.259274	1.336604	0.61085	-2.408234	-2.70584	-1.965878	-0.41206	2.653413	-0.932208	1.231075	1.860556	-2.030128	-2.992113	-3.267004	1.489583	-3.699652	-0.953816	0.641936	0.677223	-0.826079	1.043625	1.912924	-0.046105	-0.57778	-0.444471	-2.271028	-0.37351	1.359917	-2.609171	-2.167995	0.89806	-0.687078	-1.414287	-0.885749	0.357693	-1.774461	1.345339	0.036624	0.346197	-0.798479	0.558908	-1.885711	-3.529235	-3.299705	-1.34755	1.532856	3.234926	-3.28308	-4.015727	0.367371	0.902632	-1.828456	2.201188	1.340875	-1.045995	-0.129792	2.016352	0.398856	-1.712693	-3.664417	-0.049998	-3.084882	0.546745	-1.933313	2.522141	-2.404407	-3.075957	0.696972	2.075536	0.752176	-2.701454	-0.478308	2.214331	0.336178	-0.044327	-0.537497	0.339776	-0.556899	0.79909	1.791748	1.106177	0.587296	-0.014865	-0.3741	-1.124263	-6.576241	-2.83335	1.866596	-2.890046	-5.022764	-0.942401	-0.557725	0.229198	1.853694	0.329495	3.040551	-0.343866
0.470681	0.50976	-1.233305	2.29328	0.059286	1.445061	0.941542	-2.629354	0.516416	-0.436226	-1.599115	1.998159	-0.918262	1.217823	0.990676	0.820554	0.243884	1.249507	1.441969	0.254037	3.464885	-2.076197	-0.605507	-0.312169	-0.168404	-1.026319	3.082331	-1.034624	1.331508	-2.91352	-0.39961	-3.804691	0.127287	-0.41684	1.239816	-2.273234	-1.04995	-0.672887	-3.160041	0.326763	-1.203513	0.29504	-0.959967	0.135372	1.484772	-2.575583	0.427023	-0.61434	1.09633	-0.988983	-1.787854	-0.176831	-2.358668	-1.747245	-0.655631	0.318822	0.352568	-1.219794	-0.40864	-0.465313	-2.328767	-0.323658	-1.423535	-0.609929	1.325111	-1.375203	-1.064844	1.135628	-1.109458	-2.719674	0.366784	-1.711828	0.323387	1.198723	1.612369	1.25574	0.24421	-1.365266	-1.444748	-2.25945	0.376075	-0.690461	1.839196	1.243678	0.075055	-0.44167	0.293292	-1.293744	0.167891	-0.5435	-1.929902	-0.68125	1.024703	-2.385402	3.832878	-0.751214	-1.183383	-0.736323	-0.502667	2.734847	1.257419	0.630886	-0.270546	-0.394157	0.634347	-1.502377	0.530518	-1.178361	0.65279	1.013044	0.507684	0.006502	-2.717624	-0.494461	-1.059618	1.215885	-1.57529	1.748771	3.414379	-0.430723	-0.984704	-2.227002	-0.419994	-0.586432	0.819588	2.314732	-1.384896	-1.334305	-0.66203	0.433899	-2.199381	0.652057	-0.500303	-1.895932	1.118191	0.870765	-1.001632	1.085804	1.401298	-0.278663	1.354104	-0.748422	-0.382743	-0.698231	0.338123	-0.98876	-0.333872	-1.163746	1.840933	0.102005	-0.187296	-0.673367	-0.410792	2.495428	-0.404481	-0.946789	-0.36794	1.978107	0.010003	0.536391	1.111935	-1.125312	-3.989989	-1.612519	1.540918	-0.094886	-0.55099	0.378536	0.403367	-2.278727	0.675445	-0.405021	0.435474	-0.640754	-0.658005	-0.381643	0.618958	-0.135463	-0.025884	-1.191628	0.635292	0.802014	-0.685191	-1.476955	1.50584	0.285435	-1.476005	-0.619337	-1.008414	-0.791686	-1.390572	-3.369521	-3.171518	1.111492	0.252386	1.455848	-0.417861	-0.24761	-0.180832	1.493832
-0.082292	0.276611	0.051475	0.405135	0.023422	0.135389	0.031514	-0.045336	0.066432	-0.019851	0.108279	-0.074858	0.140454	0.050931	0.114316	0.104393	0.04904	-0.04437	0.077428	0.046984	-0.106257	-0.252684	-0.418537	-0.019293	0.001354	-0.039025	0.064627	0.323058	0.139339	-0.314119	-0.267349	-0.405902	0.146622	-0.068396	0.098738	-0.197812	0.273407	0.041798	-0.351823	-0.068504	-0.057074	0.15618	-0.112316	0.129181	0.067037	-0.122385	-0.00594	0.032398	-0.039647	0.164305	-0.117628	-0.023033	-0.024288	0.073342	-0.013265	0.131179	0.25847	-0.26731	-0.204688	-0.194063	-0.308746	-0.051765	-0.087687	-0.058344	0.002624	-0.26963	-0.041677	0.19716	-0.125451	-0.464002	0.144292	-0.103581	-0.110185	0.181019	0.005683	-0.150785	-0.027631	-0.117417	-0.112888	-0.150285	0.029593	0.003294	0.144946	0.20532	-0.068013	-0.242002	0.117104	-0.228602	0.216044	-0.012254	0.030071	0.303964	-0.085995	-0.042339	-0.034727	0.13207	-0.022615	-0.100928	-0.188468	-0.203429	0.149633	-0.087215	0.001888	0.163909	0.337387	-0.03546	0.043869	-0.338675	-0.187951	0.129718	0.195846	-0.034333	-0.220615	-0.085998	-0.047182	-0.019996	-0.143475	0.129938	0.342572	0.06906	-0.134733	-0.262585	0.028889	-0.058586	0.255191	-0.011445	0.103042	-0.052595	-0.021419	0.082945	0.091512	0.20406	-0.141988	-0.229988	0.057818	-0.023581	-0.109889	0.035149	0.007543	-0.222703	0.188168	0.067647	0.123937	0.314872	0.178133	-0.049515	0.158555	0.119326	0.020602	0.081211	0.047824	0.051162	0.074437	0.225601	0.138348	-0.167923	-0.218486	-0.112278	0.027718	0.069744	0.021072	-0.216651	-0.275111	-0.367665	-0.160958	0.020419	0.031424	0.193969	0.132925	-0.373814	0.208027	0.140658	0.114605	-0.033509	0.161888	0.207232	0.019414	-0.192091	-0.054463	0.039948	0.024536	-0.055358	-0.084138	-0.131269	0.207066	0.019576	0.104374	-0.301984	0.196944	0.289073	0.003863	-0.454038	-0.402147	0.28424	0.121598	0.081432	-0.202808	-0.074112	-0.022256	-0.18712
0.801279	3.599147	-2.947635	1.388755	-0.924507	-0.35787	2.024728	-1.461048	1.272746	0.409855	0.795269	-0.386153	-1.21542	0.935263	-1.103414	-2.237051	2.989465	-1.531207	0.406735	-0.331993	4.049216	-0.365849	1.433795	0.308494	0.486236	2.882164	2.060273	-1.72823	3.055464	-2.729573	-3.648779	-0.454818	0.26418	-1.416487	-0.006367	0.46992	1.040336	1.503203	-0.484893	1.237398	1.839717	0.170914	3.173991	0.547954	1.514326	-1.708511	-1.007336	-2.265859	2.68445	0.424041	0.379311	2.099072	-1.163606	-0.734538	-0.115719	-0.219469	1.493503	-4.704443	1.217024	-0.65029	-0.282584	-1.071099	-1.605084	1.999584	1.010367	-1.695778	-0.967627	-0.921805	-1.394824	0.847817	0.75688	-2.814939	0.202911	1.765591	0.406539	-0.755813	0.749948	-2.80897	2.642802	-4.31642	1.404761	-1.008444	-1.732178	1.496971	2.808813	0.595808	1.460954	-2.583047	0.906691	1.409149	0.757879	0.214824	0.51927	-1.885167	2.022898	-1.099147	-1.825158	-1.796216	-0.287462	2.146688	0.360282	-1.342427	-0.600303	-1.713035	1.691812	2.636238	1.145163	-2.421021	3.854649	0.042078	0.560447	2.029791	-0.142843	0.664728	0.27655	4.248009	-2.335986	0.942937	0.303889	-4.12313	1.418998	-2.380327	-0.348941	-2.327476	-1.225027	2.657767	-3.6618	-1.564327	0.995213	-0.612417	0.820714	-1.722356	-0.595905	-1.057117	3.619444	2.582386	-0.01653	0.950728	0.705508	-1.956291	2.903873	-0.454026	-1.680075	-1.402708	1.515711	0.760302	1.538028	-0.113037	2.16942	1.291096	1.080946	1.006336	-0.530725	1.455425	-0.057154	2.276861	-0.123616	-0.428643	-1.001598	0.244849	-0.13625	-2.203081	-0.005058	-1.84198	-0.456232	-0.333011	-1.126099	-0.832745	0.55588	-2.975537	-4.128058	-0.248688	0.925064	3.141221	0.767536	-1.107347	0.189009	2.973663	-0.225478	-2.286752	-1.32697	-1.438812	0.449995	2.833969	-0.318826	2.596604	-0.363731	0.956509	0.186764	0.660348	-0.310761	-6.681538	-2.758589	5.232615	-1.763537	2.05805	0.806544	0.283063	0.777657	-0.617234
-0.326929	0.958242	0.006051	1.279935	0.466071	0.565434	-1.77326	-2.606348	0.258958	-1.443543	-1.253191	-0.182061	-1.412451	2.232072	-0.947014	-1.464492	1.213907	1.640953	-1.662782	0.201271	1.758083	-1.099325	0.114704	-0.560163	-0.438133	-0.195757	1.425251	-2.291777	0.788139	-3.244967	-0.479068	-2.139469	1.754233	-2.335868	-0.227001	-1.201195	0.860691	-0.943635	-3.808596	-0.999803	-0.449964	-1.134027	-0.139474	-1.592399	-0.192172	-2.54299	1.874847	-1.469857	0.435999	1.086196	-0.606139	1.684622	-1.889827	0.658786	0.198444	0.868542	1.556392	-1.786433	-0.300136	-2.374208	-1.146324	-0.28914	-1.213601	-1.739354	1.184987	-1.221351	-2.441195	-0.639921	1.449435	-2.300364	1.396521	-1.001687	-0.773991	1.377048	-0.605405	-0.294466	-1.620662	0.076249	0.210534	-4.07751	1.889559	-1.501771	0.497808	2.39002	2.046996	-0.486836	0.89795	-0.017609	1.701891	-2.463798	-0.695475	1.788217	-0.165126	-1.718133	0.728308	-0.832494	-0.694901	-1.685323	0.171275	-0.085122	1.690908	-1.123741	0.887808	0.508626	0.81207	-1.304956	-0.613307	-1.313403	0.106951	-0.222577	0.262235	0.664166	-1.499812	0.631405	-1.25769	1.616137	-2.614887	3.85592	3.055144	-0.58257	0.500528	-3.042295	0.678845	-0.225418	2.185074	2.56764	-0.733646	-1.328322	0.295947	1.686769	-0.625699	0.310404	-0.265695	-0.65756	1.762682	1.848034	-0.507232	1.235432	1.103254	-2.257266	2.103135	-1.318595	-0.289136	-0.79123	2.741835	0.404716	3.064096	0.391836	2.882719	-0.065878	-0.397966	-2.267856	0.062182	3.15228	0.551686	-0.095643	-1.548286	1.737778	0.537306	-0.076969	0.290694	-3.491804	-2.100904	-3.391433	-0.936418	0.32148	0.493845	-2.973042	-1.655465	-2.351482	0.683297	-1.233979	0.001189	-0.945886	-1.581796	1.627428	2.588043	-0.620034	-0.881988	-0.191998	-2.107618	1.792894	0.162732	-2.355101	0.089091	1.273359	-0.673054	1.793743	0.347562	0.342519	-0.582335	-3.352727	-3.05502	-0.719889	0.390036	1.212927	-1.803063	-0.571806	0.597976	1.819147
0.465726	1.339249	-1.583844	-3.622574	0.045331	-1.208287	-1.878249	-3.926438	-0.634761	3.400505	-0.886141	2.764936	-1.517438	0.904641	-0.903005	-1.709189	0.848101	4.395017	-1.748069	1.03516	3.402635	2.713207	1.207972	1.904084	-1.488998	0.945504	2.88044	0.833639	2.270036	-1.949565	2.374903	-1.879167	-0.631464	-4.238283	-1.830815	-0.85924	1.837866	-0.250918	-3.418773	0.646915	1.459602	-0.285247	0.72991	-2.743848	1.040379	-2.64873	1.828539	-1.92825	0.568378	-3.842937	-0.155626	-0.597599	-1.852515	1.040946	-0.055162	-1.169154	0.870686	-0.836806	0.163845	-2.523513	-1.629675	-0.123924	-3.156936	0.559886	-1.058318	-1.465475	-2.923113	-1.479597	-0.735463	-1.117882	2.093625	-2.33406	-2.251317	-0.708258	0.786356	0.964276	1.87949	1.331309	2.719895	-5.103011	0.286629	-3.374599	1.731102	-0.513724	0.964066	3.247325	-1.266202	-2.522841	1.715165	-2.229936	-1.205054	-0.274394	1.636292	-0.542758	0.126952	-0.767748	-0.336789	-0.298594	2.098953	1.013857	-0.854315	-0.516762	0.500443	-0.312672	-0.247995	-0.77609	1.853747	3.032727	0.798304	0.700171	0.68542	-0.942993	-2.427802	-1.473231	-1.238394	0.095167	0.002193	0.389773	-0.814267	-0.402412	-1.62951	-0.757103	-0.421598	1.862612	2.500556	1.146993	-1.410364	-2.049431	-1.2473	-0.767139	-0.077688	-0.518067	-1.707813	1.870581	1.279798	0.976849	-2.294486	1.506492	-0.124674	-0.410806	0.373177	-1.949005	-3.650558	-3.282558	0.686867	-0.361385	-0.708964	3.5103	1.760489	1.961707	1.060171	-1.952666	-0.085062	1.845759	0.120894	2.056357	0.531489	-1.691383	-0.049951	0.32256	0.775427	-4.184772	-1.085191	-2.305932	-2.719124	1.202515	1.125979	-0.178316	0.885346	-1.785536	-0.480935	-2.452626	0.244306	0.137954	-1.25371	-1.531271	0.658521	1.221558	-1.981352	0.548584	-1.925796	1.210312	2.057394	1.702423	0.230191	1.626298	-1.908098	-0.955828	-0.950714	0.465062	-0.778518	-1.006902	-1.232846	2.81895	-0.170091	0.998881	-0.93775	0.05531	-0.662546	1.905511
0.889261	0.668712	1.099944	2.507894	-4.082824	2.139074	2.191209	-1.278476	0.624035	1.784965	-1.460754	-0.781784	2.000378	2.025195	-0.004909	-0.806197	1.438197	0.213691	0.510861	-2.909837	2.332053	-0.523589	0.21282	2.224233	1.585372	-1.759303	2.257828	0.940857	3.120025	-4.631704	-1.263234	-0.343887	-2.184344	-1.116753	-1.188114	0.692465	-1.404316	1.866293	-3.664948	2.664756	-0.248332	-1.266133	-1.491863	-1.741939	1.819556	-1.187886	0.232016	-1.397136	-3.265203	1.324647	0.44947	1.043439	0.931154	-1.788471	2.330399	-0.2101	-0.054136	-0.32875	-0.661123	-2.944467	-1.869925	-1.556958	-5.979124	-1.206463	1.198006	-0.218025	-0.984102	0.846902	1.193537	-1.464754	-0.384968	-2.27484	-0.976697	0.33508	-0.066261	0.860386	0.499428	-0.267201	0.693761	-7.575794	0.674395	-1.95518	3.123572	1.724729	2.523455	1.381757	-1.740534	0.019043	-0.221016	-0.778172	-0.282986	1.397504	2.540681	0.860536	0.118304	-0.949377	-0.094615	-1.26258	0.834279	3.763413	-1.131183	-0.05831	1.272969	-0.03802	-1.183286	0.286497	2.070824	1.274679	-0.506888	2.268794	0.300181	-1.396739	-3.658866	-1.723234	-1.723778	1.855901	-3.832664	-0.644682	-2.049459	0.334379	-1.751236	-2.648216	-0.711282	1.499821	1.39078	2.548045	0.199317	-3.389103	-0.083073	-2.565629	2.163187	-0.342626	-2.358487	-2.777714	0.8677	0.498448	-1.502018	-0.710711	-0.317883	-0.072381	2.508904	-1.857599	-3.485182	0.550331	1.340115	-1.856786	1.327052	-1.779675	1.084083	3.02889	2.192553	-3.618839	-0.720939	3.617215	2.760278	1.866223	-1.452599	-1.088019	3.042923	-0.066394	3.115388	-2.539179	-1.220638	0.669384	0.461829	-0.46324	0.709101	1.046978	0.536156	-1.981562	1.226264	-2.483149	0.235606	-1.86889	1.170478	3.672374	-0.707854	1.570808	-0.337938	1.193466	-1.071412	2.353875	1.810356	-3.553667	-0.410643	1.626337	-0.686046	-0.586089	1.431672	1.177529	-3.577653	-3.763002	-4.363685	-0.697692	-1.402726	2.842972	-0.205869	-1.150348	-1.854777	1.212323
0.712738	0.828485	1.838284	4.601053	0.884643	5.394712	2.911743	-2.40689	-0.543703	-0.849882	-0.731511	1.099718	1.173147	2.923709	0.263211	1.440505	1.297934	3.653441	-0.786576	2.214064	2.418261	-2.273907	-0.852188	-3.448968	1.943895	-1.941689	5.115545	-0.04419	1.867873	-4.319429	-1.691543	-3.846853	-2.572975	1.04721	-1.358337	-0.008356	-1.54508	1.008365	-1.198748	-1.228696	1.256299	-0.498442	-1.230535	1.281157	3.93117	-1.181844	1.225782	-1.861671	0.120442	-0.880819	-0.195925	-1.496922	1.513752	-2.182945	-0.445835	3.812696	0.575069	-2.028817	-2.479187	0.284722	-0.566785	-0.196311	-1.79976	-1.267765	3.806012	-0.549446	0.106828	-0.617169	2.039967	-4.011057	1.327947	-2.287575	-0.603993	0.792356	4.594175	-0.226914	-2.925308	1.499453	-8.212392	-3.835793	3.45544	0.941996	3.000251	2.361864	-1.606523	2.887544	1.547074	1.178105	-2.421901	-0.599867	-0.441677	2.61505	-2.328682	-1.240866	-1.234744	1.205835	0.467357	-1.148022	2.625151	0.147909	0.666068	2.435944	-0.434181	-1.037534	0.679888	-0.41562	1.278077	-3.784733	1.311592	1.671574	0.906245	1.466112	-1.450455	0.36928	-2.369218	1.795994	-2.620851	2.260857	2.877466	1.030327	-1.963064	-1.690427	0.270148	-3.434076	2.813712	-0.620542	-2.693913	-1.169509	0.033659	0.668976	-1.001181	-0.066072	-1.428317	0.9345	1.725015	0.035171	-3.227258	2.261294	-3.150159	1.452124	-2.031089	1.552304	1.499928	-0.635588	0.30762	-2.83458	-4.351132	-0.468616	2.22981	1.418206	-2.404482	-0.716784	0.882713	5.219336	2.122754	0.088945	0.401936	0.060649	-2.2565	4.33126	1.470452	-3.180895	-1.457328	-3.114301	-1.778095	3.004894	0.516779	-0.408992	2.727966	-3.912865	0.686109	-0.32793	1.021824	1.15493	-0.474731	1.908404	-0.315995	1.104054	-0.934964	0.37647	0.026736	0.618841	-0.886193	0.859305	1.481433	0.430498	-0.23061	-3.170973	-2.219819	1.621941	-0.866135	-5.381691	-4.017762	0.760697	-1.647985	0.769024	-2.161353	-1.16823	-0.704924	1.063179
2.523041	1.34308	-1.811351	-0.58448	-0.449371	1.00621	1.126465	-2.845012	-2.141198	0.68643	-1.734254	1.852354	-1.087355	4.247797	-0.023157	0.162476	0.533017	-0.824406	-0.161465	0.614874	1.899635	-3.423477	-0.000499	-1.444067	-0.666297	-2.116221	4.259566	-0.064869	0.980087	-2.028	-0.860605	-2.303015	-1.918081	1.075579	-0.210352	0.229238	-2.605647	0.968563	-3.422342	0.857855	-0.489738	-2.768513	0.489879	2.806391	1.30686	-1.506524	0.833554	-3.453227	-1.415777	-0.46633	-1.072203	0.306478	-1.162982	1.220321	-0.427102	2.053945	0.570595	-0.550345	0.244856	0.703313	-1.194565	0.20913	-2.682769	-1.655571	1.295037	0.110211	-0.447745	1.195313	-1.362091	-2.243392	-0.169786	-2.25068	-0.325637	1.1918	1.60248	0.636564	-2.612581	-2.087071	-2.214437	-3.486265	1.972259	-0.622319	1.284552	2.561335	1.190518	-0.605152	-0.038526	0.142227	0.982291	-1.138055	-1.741618	1.32722	1.001863	-0.44301	-0.134154	0.260398	0.026286	-2.228098	1.415149	0.6654	0.360867	1.341927	-1.651477	0.93571	-1.124413	-0.695357	0.242583	-3.586035	-1.530471	0.308559	1.682208	1.058919	-3.001845	1.909696	0.016156	2.051135	-2.144339	2.069697	2.500705	-1.552251	-0.902918	-2.804547	-0.456616	-1.286466	1.679897	2.200093	-0.875869	0.793677	-1.42936	-0.755967	-0.097538	-1.051869	-3.590092	-2.922127	0.902085	1.539538	-1.722474	0.88583	-0.000717	-0.660914	3.71925	-0.488034	-1.247133	0.600388	4.412782	-1.603333	-0.760935	-1.975632	3.422845	0.018987	0.631799	-2.402973	-1.66628	2.211183	-0.493519	2.002805	-0.192913	2.669904	-0.924681	0.111818	1.039913	-0.585406	-1.546814	-1.050252	-0.634135	0.066214	0.287492	1.076135	0.030059	-3.734175	-0.384997	-0.013287	-0.830044	1.848708	-0.05709	0.341712	-0.976936	-1.043713	-1.39322	0.038468	-1.139465	-0.028536	0.470096	-2.590724	3.464506	-0.291457	-0.047463	-0.279554	-3.786729	-1.79618	0.917865	-4.158799	-3.386134	-0.911943	0.969362	2.145622	0.158613	-0.294932	-0.450075	5.645193
-0.284177	1.005356	0.273716	0.53145	0.306624	0.43897	0.072022	-0.447758	0.256182	-0.25355	-0.474345	0.2806	-0.008238	0.830049	-0.156538	0.389876	0.657836	0.401654	-0.566558	-0.103315	0.127965	-0.946041	0.367408	0.767992	0.342335	0.40655	0.947524	-0.562673	0.38248	-0.704574	-0.656227	-0.646898	-0.528008	0.048733	-0.038543	-0.346274	-0.497613	-0.560732	-0.922457	-0.241546	0.399004	-0.415962	-0.10858	0.426812	0.149607	-0.377941	0.940492	0.006722	-0.10633	0.265249	0.083035	0.55489	-0.413329	-0.253643	-0.117447	0.254504	0.461977	-0.598116	-0.508812	-0.373048	-0.199207	-0.200692	-0.693189	-0.093083	0.334423	-0.224087	-0.415526	0.020162	-0.382149	-1.25557	-0.297703	-0.434192	-0.308387	0.276745	0.438815	0.199506	-0.288755	0.330033	0.142686	-0.855652	0.515138	-0.909941	0.13128	0.887961	0.013107	0.302671	0.278663	0.177115	0.81561	0.109807	-0.869108	0.305919	0.401717	-0.305688	0.58719	0.055202	-0.183898	0.092754	0.631579	0.182586	1.190602	0.04414	-0.015857	0.007241	0.005146	-0.216658	0.676539	-0.806786	-0.597249	0.153803	0.832118	0.504545	0.192094	0.292117	-0.252562	0.603107	-0.93263	-0.160011	0.79374	0.256194	0.268022	-0.853989	0.106128	-0.103118	0.668444	0.127969	-0.802931	0.087218	0.366836	0.50638	-0.60305	-0.208924	-0.27483	-0.707032	0.626167	-0.10877	-0.334444	0.283807	-0.017052	-0.762649	0.440275	0.38049	0.265542	-0.051863	1.009808	-0.5104	0.464102	-0.588078	0.366063	0.407466	-0.421107	-0.900133	0.144909	0.851185	0.110819	-0.461065	0.341903	0.218886	0.230609	0.572611	0.364258	-0.66741	-0.792234	-0.838249	-0.458983	0.412231	-0.787058	-0.056427	-0.077766	-1.081463	-0.405226	-0.413913	0.672635	0.650731	0.20985	0.27486	1.120566	0.624467	0.45868	-0.150421	0.064673	0.834382	0.078022	-0.733981	-0.108786	0.587826	-0.054471	-0.110769	-0.084641	-0.362221	-0.14041	-1.476267	-0.863794	0.219883	-0.014406	-0.288069	0.237662	-0.641507	0.329399	-0.075821
5.070106	-1.497845	-0.1709	-3.093419	-2.978342	-1.911899	-0.84645	-0.856565	-1.005612	1.274622	1.567812	-0.1702	0.343402	3.922516	-0.240578	-1.445922	1.587914	1.713776	2.108824	3.819824	-0.413269	0.024198	-0.951845	1.42819	-2.002212	-3.673904	2.151782	0.402789	1.652663	-1.993403	0.933952	0.370961	0.14124	0.831563	-2.980892	0.459941	1.568781	0.436891	-4.542988	1.788505	2.26494	-2.346565	3.783436	-2.547688	0.216551	-1.471009	2.148279	-0.230296	-1.032699	0.892364	-1.611447	1.945946	-2.966583	-0.561894	3.195403	1.693242	-0.052415	-1.079476	-0.198643	-1.172173	-0.141922	-0.209434	-3.852852	-0.036084	2.689763	-0.871426	-2.927639	-1.665683	-2.579327	0.745979	1.974458	-0.962972	0.193167	1.500123	-0.917419	-0.011067	-1.508037	-0.061296	3.758461	-6.09151	2.000613	-3.470464	0.579307	0.177094	0.725128	0.62787	0.137828	-0.753563	-0.639545	0.711216	-0.234355	-1.849481	1.536575	0.39622	-2.729826	-2.373436	-0.399676	-4.092588	2.004163	-1.936961	-2.217602	-0.775962	1.574253	-0.567265	-3.949791	-2.138726	-0.680993	1.501641	0.718033	-0.383434	2.400327	-1.443865	-2.245191	-2.341534	0.163113	2.876575	-2.762437	3.987108	2.966745	-0.194073	0.501614	-3.29482	1.545531	2.393127	2.145261	-1.462761	-0.832985	-1.760509	-1.015276	0.965109	3.202799	0.154742	0.636281	-1.887933	3.250862	2.781723	-2.703897	2.068877	3.316206	-0.393244	2.366026	-2.587828	-0.05997	-1.794573	3.238343	-2.439183	1.357344	2.313788	3.031576	2.327232	-1.52539	-0.612005	-1.123653	1.528931	-0.919268	-1.211354	1.358034	0.911256	-0.895373	0.990319	2.130149	-1.298333	-1.22381	-1.418246	-2.272518	1.597412	1.523006	-3.730143	-0.912758	-1.589013	-0.13844	-1.952434	-2.726864	2.806736	1.5273	-0.581396	0.054952	-0.252786	-4.014165	0.014126	0.583505	3.913702	-2.568048	-4.034862	-1.988852	-0.03142	-0.748846	2.182957	-1.308334	-0.792669	-1.273174	-1.739334	2.25796	0.107474	-0.8995	1.275671	-2.49474	-0.878529	-0.658912	2.171369
0.239078	0.372648	-0.089196	0.164301	0.01087	0.210213	-0.112964	-0.024758	-0.065061	-0.047992	-0.211288	-0.002403	-0.141302	0.583018	0.069423	0.096186	-0.004041	0.215486	-0.076312	-0.130529	0.111532	-0.12256	-0.034216	0.179836	-0.012437	-0.162005	0.038673	0.198907	-0.203658	-0.636912	0.195672	-0.445413	0.104551	-0.438816	-0.077285	-0.229045	-0.149004	0.296409	-0.355554	-0.060396	-0.468971	0.226371	-0.198831	-0.122052	0.156658	0.025219	0.170442	0.051302	0.002096	-0.080224	0.136755	0.010274	0.112252	-0.247561	0.080285	-0.182613	0.066019	0.171351	0.034989	-0.356157	-0.29787	-0.224528	-0.285209	-0.223784	-0.30164	-0.002061	-0.601025	-0.317768	0.068831	-0.407411	0.116131	-0.085864	-0.102795	-0.161592	0.200482	-0.316728	-0.155555	-0.066656	-0.251066	-0.377221	-0.017911	-0.32435	0.303053	0.142786	0.333582	0.033568	0.105807	0.200413	0.281385	-0.27244	-0.142849	0.378764	0.045508	-0.003625	0.272516	0.014581	-0.115851	-0.299662	-0.217051	0.054098	0.254248	-0.084235	0.148858	0.081464	-0.04943	0.152893	0.312361	-0.371585	0.511569	-0.003989	0.13516	0.063444	-0.039875	-0.244779	0.092972	-0.028286	-0.103518	0.117395	0.105164	-0.039717	0.072781	0.130433	-0.238203	0.199902	0.417976	0.286659	-0.143226	-0.001757	-0.510097	0.123765	-0.11864	0.350177	-0.225217	-0.458948	0.040169	0.541313	0.115388	-0.160911	0.11658	-0.298995	0.133196	-0.182312	0.041046	-0.165062	0.196817	-0.356385	0.215581	-0.026523	0.399888	0.426561	-0.044657	-0.459955	0.191394	0.203397	0.211825	-0.275209	0.03864	0.454712	0.334362	-0.24492	0.194562	-0.183285	-0.110822	0.003828	0.281131	0.115857	-0.083046	0.549078	0.130156	-0.294785	0.058345	-0.363622	-0.04284	-0.380991	0.10866	-0.041742	-0.023132	0.109721	0.297431	0.253206	-0.22117	0.271895	-0.003984	-0.193661	-0.013719	0.403215	-0.181587	-0.337172	0.245514	0.414756	0.116613	-0.329754	-0.669683	0.153822	-0.149076	0.112409	0.062656	0.044678	0.123397	0.200175
0.093567	0.132082	0.130292	0.14377	-0.225766	0.149704	-0.429933	-0.329985	0.074095	-0.178905	-0.246798	0.084885	0.011566	0.234862	0.176087	-0.016767	-0.043913	-0.207086	0.041336	0.160635	-0.056584	-0.188183	-0.161022	-0.039819	-0.220252	-0.02887	0.260296	0.037612	0.15623	-0.441432	-0.030994	-0.566439	0.163975	-0.525201	0.067045	-0.101233	-0.031707	0.024855	-0.277079	-0.211911	-0.176484	0.119775	-0.23006	-0.255596	0.09944	0.118866	0.25858	-0.150547	-0.060767	-0.189917	-0.088144	0.140489	-0.182564	-0.046448	0.161946	0.045358	0.17153	0.068232	0.04014	-0.332997	-0.226967	-0.180495	-0.291458	-0.089214	0.069091	-0.48339	-0.353817	-0.10703	0.034746	-0.532738	0.133167	-0.332313	-0.199557	-0.038885	-0.018756	-0.240044	-0.050891	-0.057481	-0.009577	-0.18329	-0.309956	-0.16666	0.117152	-0.028275	0.075493	0.14386	0.075719	0.180593	0.123938	-0.225347	0.049531	0.349287	-0.091287	0.008935	0.241977	-0.126894	-0.331585	-0.138504	0.05124	-0.071204	0.18397	-0.087587	-0.043114	0.019544	0.107885	-0.104959	0.090569	-0.134232	0.493521	0.002277	-0.019051	0.080447	-0.02847	-0.182616	-0.208042	0.047301	-0.07856	0.270292	0.338477	0.183769	0.052536	-0.224001	-0.32564	0.220982	0.0539	0.261026	-0.147345	-0.15278	-0.458444	0.07847	-0.068317	0.168136	-0.008379	-0.363139	0.126402	0.344837	0.086651	0.163058	0.151839	-0.231326	0.287157	-0.310005	-0.071709	0.207938	0.119345	-0.186939	-0.017042	0.000799	0.319195	0.194583	0.08698	-0.171475	0.22058	0.351608	0.281652	-0.069038	-0.045762	0.155718	0.218338	-0.075918	0.225946	-0.311892	-0.23299	-0.263148	0.193587	0.316474	0.016073	0.147727	-0.116508	-0.385546	0.095043	-0.224542	-0.296046	-0.378018	0.245398	0.096699	-0.043798	0.00201	0.11814	-0.039966	-0.159173	0.005339	0.060467	-0.018694	0.127064	0.292259	-0.009536	-0.238578	0.034685	0.186161	0.135493	-0.515091	-0.601638	0.322628	-0.012937	0.333416	0.034026	0.137034	0.111129	0.26699
-1.324971	-0.346106	0.426757	0.224294	0.176067	0.183158	1.175533	-1.531103	-0.662259	0.520009	-2.571372	-0.429583	-0.918232	-0.115463	-2.46844	-0.060977	0.012357	0.730358	-2.438137	1.283144	-0.691098	1.35306	0.358855	-0.824255	0.527318	1.726694	-1.100265	-0.345917	-0.383287	-0.317632	0.523272	-0.17822	0.313278	-1.263651	-0.636707	-0.104805	2.847048	-0.547999	-0.895682	-1.596989	-0.394447	1.590434	-1.194803	-0.663014	0.103385	-0.164934	0.469999	-1.043036	1.13304	-1.069907	-0.997862	-1.762839	0.441637	-0.136511	-0.959809	-0.76357	-0.219776	-1.192005	-1.54591	-0.380855	-1.489862	-0.431431	-1.242306	-0.436757	0.036667	0.269005	-2.668302	-0.55613	0.017732	0.396574	0.568369	-1.786719	2.075949	1.368123	-0.921352	1.23879	0.383511	1.65584	-0.626856	-1.019761	0.019446	-0.343195	1.399795	-0.323448	0.521958	0.177332	1.189615	-1.346627	1.585742	-2.005339	-0.162337	0.791425	-0.433218	0.452135	1.934542	0.964891	-0.851773	0.978652	1.27652	-0.462984	1.752297	-0.815093	0.489479	0.680156	0.321714	-0.617692	-0.130783	-0.442537	0.818165	0.303582	-1.284502	-0.87544	-0.824065	-1.077517	-0.456388	0.781682	1.923062	1.044461	-0.209735	0.976893	-0.65688	-1.130008	0.282245	-0.268884	-0.27727	1.405195	0.072392	0.004512	-0.464782	1.705235	0.071284	-0.473429	-0.109972	0.119405	0.035672	3.222863	1.808976	0.780772	1.149959	0.046147	-0.596934	-0.502835	0.178777	0.638205	1.736486	1.373886	0.084127	1.941944	1.519526	-1.621291	0.973165	0.75314	-0.685751	-0.683724	-0.272283	0.983182	-0.103362	-0.535765	0.494687	-0.827837	0.619233	-2.16042	-1.214514	-1.722732	-0.132517	-0.416308	0.451087	-0.019714	0.628163	-1.402224	0.333872	-0.493339	-0.760501	-1.662609	-0.537654	-0.47387	0.276257	1.355071	-0.63088	0.96064	-2.237299	2.115922	0.941654	-0.376582	-0.26442	-0.703022	-1.059339	-1.40356	-0.821711	0.520933	0.336315	0.161088	0.428214	-0.910536	0.145897	-0.545952	0.399867	1.660684	1.484891	1.088236
