0.643138	0.102534	-0.906521	0.386433	0.122548	0.170564	0.722562	-0.14668	-0.654164	-0.369229	-0.307525	-0.296678	0.492209	0.4104	0.034626	0.549027	-0.434774	-0.353794	0.208859	0.004691	-0.696922	0.135998	0.023646	0.302797	-0.418763	-0.191684	-0.520183	-0.57623	-0.133522	-0.623168	-0.242539	1.00467	-0.198924	-0.212837	-0.448188	0.597142	0.578814	0.198132	0.158305	0.161806	-0.162914	-0.388578	-0.802805	0.135651	-0.259209	-0.324965	0.619734	-0.173395	0.609986	0.817991	-0.228499	0.853297	-0.48858	0.430564	0.123921	-0.392155	0.522972	0.198653	-0.826878	0.146813	0.253783	0.282657	-0.087872	-0.652693	-0.54188	-0.440738	-0.049939	-0.419096	0.41507	0.151319	-0.129268	0.169196	0.761126	-0.107806	-0.0344	0.285022	0.218879	0.307308	-0.253908	0.611732	-0.255718	-0.695312	0.085953	-0.388586	0.165519	0.407233	-0.319501	-0.370831	0.645441	-0.568971	-0.627672	-0.672682	-0.423395	1.0938	0.199912	-0.071986	-0.138828	0.429112	-0.530845	0.734628	0.694273	-0.298169	0.102196	0.378833	0.07179	0.081227	0.841253	-0.31445	-0.972478	-0.745788	-0.441718	-0.467477	0.107486	-0.316848	0.744266	0.069642	-0.237797	0.958069	-0.73223	-0.252671	0.482787	0.325305	-0.115526	-0.39491	0.86991	-0.934082	-0.223652	0.401834	-0.143714	-1.11937	0.342611	0.528755	0.239837	-0.257694	-0.235154	0.09906	-0.079206	-0.090608	0.392245	0.51153	-0.017405	-0.769069	0.593088	-0.026724	0.891318	0.257957	-0.130376	0.781451	0.427848	0.210334	-0.274828	0.876673	-0.071005	-0.362939	-0.041076	0.776014	-0.165226	-0.116393	0.06126	0.334699	-0.457036	0.60893	-0.742609	-0.204112	0.199836	0.334838	-0.079443	0.381023	0.037772	0.474154	-0.738703	-1.09796	0.480695	-0.194925	-0.332061	0.049233	-0.111483	0.343133	0.123636	0.555106	0.564359	-0.228623	0.13252	0.528589	0.666148	0.029132	0.024052	-0.219853	0.622426	0.815608	0.109247	-0.448745	0.767999	0.130065	-0.281049	-0.037629	-0.232446	-0.106644	0.4815	-0.600745
0.543487	0.060372	-0.481773	0.01409	0.139598	0.090512	0.197332	-0.257409	0.1391	-0.016496	-0.504491	-0.131829	0.305056	0.108385	-0.25891	0.403146	-0.3346	-0.196965	-0.159794	-0.120175	-0.262463	0.390059	0.269746	0.577196	-0.265548	-0.406915	-0.11811	-0.442191	-0.174499	-0.536539	0.095066	0.70799	0.031966	-0.529092	-0.078199	0.193442	-0.028451	0.323685	0.257777	0.101697	0.215343	-0.249485	-0.34506	0.149938	-0.397042	-0.305911	0.331384	-0.156076	0.292168	0.296355	-0.170185	0.6178	-0.004802	0.371136	0.168584	-0.251395	0.303951	0.102686	-0.391111	-0.061222	0.099384	0.053772	-0.256161	-0.132048	-0.246276	-0.391695	-0.248623	-0.002619	0.516356	-0.100797	0.303036	0.286744	0.473483	-0.177563	-0.129445	0.161889	-0.161144	0.318355	-0.282489	0.321754	-0.141274	-0.270572	0.279211	-0.116856	0.010151	-0.120085	-0.060414	-0.353248	0.629888	-0.178426	-0.646399	-0.588192	-0.420993	0.086198	0.203409	0.357133	-0.165613	0.194219	-0.389087	0.189337	0.086111	-0.024983	0.341036	0.048871	-0.144727	0.106689	0.45616	-0.118811	-0.004821	-0.383363	-0.461316	0.102993	0.046644	-0.353469	0.148117	0.185554	-0.076006	0.288352	-0.451053	0.090837	0.200382	-0.266687	-0.161138	0.012196	0.339401	-0.223016	-0.02711	-0.033936	-0.011827	-0.38765	0.066044	0.133137	0.325538	-0.19427	-0.080505	0.20957	-0.038074	-0.10734	0.064028	0.408861	0.199953	-0.376655	-0.143043	0.127815	0.776818	0.615499	-0.297986	0.195829	0.259845	0.067209	-0.107872	0.675584	0.201746	-0.553763	-0.277251	0.384188	-0.693136	0.201006	-0.454609	0.127389	-0.093247	0.453108	-0.322253	-0.300988	-0.055085	0.467882	-0.007287	0.327812	-0.092748	-0.129448	-0.51456	-0.577183	0.113783	-0.53646	-0.078496	-0.20661	-0.174812	0.185164	0.364701	0.058783	0.4435	0.043053	0.260878	0.375008	0.280739	0.191084	-0.120482	-0.129716	0.297528	0.440528	-0.029456	-0.552728	0.242144	0.319902	0.120002	-0.018204	-0.205241	-0.222221	-0.003387	0.059985
0.643138	0.102534	-0.906521	0.386433	0.122548	0.170564	0.722562	-0.14668	-0.654164	-0.369229	-0.307525	-0.296678	0.492209	0.4104	0.034626	0.549027	-0.434774	-0.353794	0.208859	0.004691	-0.696922	0.135998	0.023646	0.302797	-0.418763	-0.191684	-0.520183	-0.57623	-0.133522	-0.623168	-0.242539	1.00467	-0.198924	-0.212837	-0.448188	0.597142	0.578814	0.198132	0.158305	0.161806	-0.162914	-0.388578	-0.802805	0.135651	-0.259209	-0.324965	0.619734	-0.173395	0.609986	0.817991	-0.228499	0.853297	-0.48858	0.430564	0.123921	-0.392155	0.522972	0.198653	-0.826878	0.146813	0.253783	0.282657	-0.087872	-0.652693	-0.54188	-0.440738	-0.049939	-0.419096	0.41507	0.151319	-0.129268	0.169196	0.761126	-0.107806	-0.0344	0.285022	0.218879	0.307308	-0.253908	0.611732	-0.255718	-0.695312	0.085953	-0.388586	0.165519	0.407233	-0.319501	-0.370831	0.645441	-0.568971	-0.627672	-0.672682	-0.423395	1.0938	0.199912	-0.071986	-0.138828	0.429112	-0.530845	0.734628	0.694273	-0.298169	0.102196	0.378833	0.07179	0.081227	0.841253	-0.31445	-0.972478	-0.745788	-0.441718	-0.467477	0.107486	-0.316848	0.744266	0.069642	-0.237797	0.958069	-0.73223	-0.252671	0.482787	0.325305	-0.115526	-0.39491	0.86991	-0.934082	-0.223652	0.401834	-0.143714	-1.11937	0.342611	0.528755	0.239837	-0.257694	-0.235154	0.09906	-0.079206	-0.090608	0.392245	0.51153	-0.017405	-0.769069	0.593088	-0.026724	0.891318	0.257957	-0.130376	0.781451	0.427848	0.210334	-0.274828	0.876673	-0.071005	-0.362939	-0.041076	0.776014	-0.165226	-0.116393	0.06126	0.334699	-0.457036	0.60893	-0.742609	-0.204112	0.199836	0.334838	-0.079443	0.381023	0.037772	0.474154	-0.738703	-1.09796	0.480695	-0.194925	-0.332061	0.049233	-0.111483	0.343133	0.123636	0.555106	0.564359	-0.228623	0.13252	0.528589	0.666148	0.029132	0.024052	-0.219853	0.622426	0.815608	0.109247	-0.448745	0.767999	0.130065	-0.281049	-0.037629	-0.232446	-0.106644	0.4815	-0.600745
0.705629	0.035412	-0.506585	0.024562	0.21311	0.122387	0.229321	-0.293371	-0.349647	-0.318827	-0.313948	0.007007	0.3008	0.169294	0.083235	0.442305	-0.326055	-0.301542	-0.084541	-0.203233	-0.300045	0.194217	0.127588	0.316855	-0.283409	-0.155403	-0.141442	-0.537445	-0.269769	-0.391418	-0.154434	0.654559	0.171854	-0.231199	-0.436053	0.289476	0.115371	0.082862	0.157328	0.082366	0.000846	-0.297743	-0.539032	0.223728	-0.345862	-0.465132	0.294941	-0.022105	0.376	0.394205	-0.087405	0.472519	-0.026712	0.314643	0.059469	-0.205075	0.31612	0.109447	-0.340408	0.073574	0.125285	0.086106	-0.108629	-0.343359	-0.375606	-0.585933	-0.016229	-0.15265	0.411999	0.023054	0.006243	0.020081	0.553167	-0.02007	-0.014328	0.429216	0.139089	0.197813	0.039437	0.330036	-0.253145	-0.442104	0.107657	-0.219342	0.023741	0.179253	-0.201367	-0.483096	0.549202	-0.377961	-0.339952	-0.60103	-0.33758	0.408752	-0.031498	-0.093231	-0.100761	0.504901	-0.424838	0.38102	0.266033	0.042714	0.2169	0.234737	-0.004024	0.232935	0.429916	-0.214953	-0.325655	-0.462257	-0.256926	-0.119191	0.142624	-0.286695	0.330119	-0.055874	-0.054321	0.336998	-0.463257	0.038383	0.245405	-0.028048	-0.051591	-0.236485	0.235868	-0.25332	0.196707	0.334682	-0.0747	-0.60872	0.272488	0.291984	0.174348	-0.024351	-0.081488	0.14841	0.082152	-0.125449	0.106064	0.216197	0.064243	-0.338026	-0.071841	0.041708	0.520197	0.377693	-0.16397	0.339654	0.240264	-0.014653	0.128137	0.392165	0.167294	-0.252723	-0.06113	0.537705	-0.334625	0.058296	-0.234287	0.186973	-0.102394	0.273786	-0.534635	-0.320999	-0.077935	0.338855	-0.099454	0.311434	0.022918	0.178319	-0.592456	-0.625646	0.13371	-0.18655	-0.210944	-0.001537	-0.0599	0.18482	0.437807	-0.225864	0.496324	0.0725	0.24236	0.52187	0.247581	-0.212467	0.087551	-0.239296	0.286477	0.613151	0.169822	-0.213836	0.333796	0.13047	0.111981	-0.145004	-0.302562	-0.117734	0.352698	-0.148443
0.668409	0.308809	-0.352852	0.279338	0.200173	-0.133416	0.164487	-0.380927	-0.41128	-0.129626	-0.558514	0.016061	-0.01687	0.100289	0.01439	0.291835	-0.074865	-0.25569	-0.351284	-0.082188	-0.532881	0.472792	-0.048477	0.481471	-0.30046	-0.293904	-0.016031	-0.241015	-0.063118	-0.302425	-0.206907	0.83262	0.178498	-0.455618	-0.157514	0.359037	0.200181	0.362846	0.305673	0.315815	0.334899	-0.138837	-0.124655	0.302437	-0.403693	-0.124419	0.273639	0.20697	0.16455	0.09299	-0.226101	0.479849	-0.015754	0.104264	0.279842	-0.138112	0.020784	-0.347433	-0.451402	0.095811	0.371767	0.187488	0.055141	0.008275	-0.005403	-0.463147	0.166556	-0.258377	0.001287	0.077709	0.200354	0.08058	0.235734	0.089967	-0.152222	0.467724	0.118523	-0.067791	-0.018697	0.144207	-0.343462	-0.437806	0.186184	-0.035674	-0.128431	0.233069	-0.089936	-0.401839	0.59294	-0.345597	-0.640836	-0.033731	-0.332743	-0.036008	0.167259	0.02233	0.289711	0.569946	-0.653138	0.080353	0.061338	0.155793	-0.099558	-0.008344	-0.208667	0.187566	0.353423	-0.193718	-0.062013	-0.15174	0.106757	0.152506	0.300432	-0.412882	0.256506	0.174803	-0.175377	0.140544	-0.491927	-0.201216	-0.148877	-0.142893	-0.217517	-0.209762	0.367502	-0.280264	0.034499	-0.038205	0.012838	-0.348043	0.361701	0.289138	-0.002325	0.043473	-0.241278	0.121762	-0.296504	-0.154988	0.018171	0.470911	-0.336924	-0.19569	-0.205097	0.146195	0.473306	0.554351	-0.077436	0.121756	0.187656	-0.046784	0.156629	0.347491	0.059907	-0.47748	0.186597	0.630531	-0.386442	0.283778	-0.182273	0.204609	-0.694994	0.031015	-0.473113	-0.267252	0.195455	0.212268	0.005007	0.111426	0.06279	0.134541	-0.179269	-0.84588	0.046573	-0.492668	-0.157244	-0.135041	0.257092	0.05705	0.310138	-0.028893	0.372064	0.201664	0.241933	0.376945	0.500678	-0.22355	-0.169974	-0.14767	0.264749	0.368312	0.208504	-0.347142	0.03036	0.106959	-0.183155	0.271098	-0.123504	-0.116113	0.185969	-0.421939
0.636235	0.381021	-0.469597	0.125204	0.259149	0.130525	0.13157	-0.541431	-0.477252	-0.198455	-0.605682	0.181203	0.178934	-0.066419	0.100302	0.232484	-0.305764	-0.210425	-0.253831	-0.067506	-0.462213	0.284709	-0.005655	0.571943	-0.288854	-0.183442	0.037456	-0.273945	-0.072867	-0.31942	-0.318865	0.692156	0.106841	-0.226439	-0.348068	0.267372	0.172561	0.125275	0.368143	0.179702	0.324439	-0.133976	-0.39991	0.363194	-0.338598	-0.358244	0.143889	0.060934	0.161133	0.116909	-0.169431	0.283379	0.109392	0.270804	0.378847	-0.244676	0.272156	-0.200728	-0.301518	0.194005	0.133108	0.076896	-0.063713	-0.107897	-0.146706	-0.598261	0.024832	-0.044696	0.103578	0.034395	0.036751	-0.044744	0.278922	0.040812	-0.099536	0.432172	0.270361	0.128345	0.177965	0.187911	-0.349866	-0.447808	0.209405	-0.227047	-0.049235	0.316237	-0.131631	-0.396805	0.500188	-0.401307	-0.612129	-0.204276	-0.361968	0.125826	-0.090142	-0.309305	0.018772	0.640948	-0.590555	0.149786	0.084363	0.157448	-0.076337	0.135716	-0.246805	0.306885	0.41949	-0.190129	-0.229825	-0.188131	-0.117413	0.12953	0.163545	-0.40911	0.351349	-0.067347	-0.102268	0.189738	-0.505744	-0.068112	-0.070374	-0.164708	-0.135104	-0.228911	0.140045	-0.410559	0.221134	0.133963	-0.215642	-0.415895	0.415889	0.224947	-0.06617	0.101343	-0.216492	0.173876	-0.171273	-0.10813	-0.008184	0.447746	-0.365404	-0.091617	-0.294758	0.127407	0.314799	0.446079	-0.242815	0.323621	0.122012	-0.220836	0.327815	0.195478	0.088495	-0.372856	0.091172	0.453632	-0.292363	0.139744	-0.239283	0.191424	-0.501472	0.0773	-0.478476	-0.439605	0.171022	0.230919	-0.024596	0.20518	0.192841	0.283338	-0.297783	-0.70262	-0.050351	-0.366813	-0.068977	-0.258373	0.299168	0.010305	0.42838	-0.218529	0.395512	0.147421	0.273379	0.529573	0.293484	-0.363313	0.025612	-0.407046	0.284568	0.508262	0.038931	-0.205191	0.151267	0.04323	-0.212302	0.152118	-0.231712	0.014819	0.3581	-0.369814
0.636946	0.677562	-0.879008	0.389456	0.16594	0.175019	0.376706	-0.404658	-0.924404	-0.448586	-0.666857	0.154454	0.123976	0.268388	0.132993	0.415994	-0.40095	-0.446317	-0.213155	-0.109598	-0.816067	0.263021	-0.294098	0.904937	-0.526113	-0.282441	-0.161861	-0.405879	0.217341	-0.55759	-0.467316	0.963325	0.333441	-0.349791	-0.383407	0.584846	0.336235	0.27502	0.459334	0.37087	0.549156	-0.700443	-0.279662	0.424409	-0.48211	-0.020624	0.204694	0.432385	0.179972	0.072361	-0.096945	0.351569	0.2686	0.199515	0.444834	-0.49804	0.241683	-0.58574	-0.440263	-0.023049	0.507524	0.223771	0.010118	-0.020242	-0.155066	-0.461161	0.239352	-0.197066	-0.042149	0.002699	0.193921	0.133674	0.402853	0.228674	0.044897	0.479383	0.535876	-0.036609	0.185338	0.247881	-0.346923	-0.748424	0.106811	-0.309146	0.193177	0.626455	-0.244411	-0.611211	0.425033	-0.590986	-0.725598	0.094422	-0.446083	0.097881	0.04126	-0.41046	0.385594	0.764724	-0.659223	0.25135	0.384257	-0.04592	-0.405231	0.261934	-0.4432	0.345773	0.89595	-0.570447	-0.48259	-0.269552	0.382495	0.13483	0.043813	-0.636818	0.538165	0.035553	-0.034929	0.341216	-0.792241	-0.594216	-0.18488	-0.105584	-0.175352	-0.653514	0.733043	-0.693869	0.169807	0.402426	-0.34774	-0.631284	0.563986	0.679309	-0.369323	0.404487	-0.59573	-0.042827	-0.476066	-0.12101	0.144929	0.551134	-0.887785	-0.480569	-0.124462	0.251271	0.566421	0.52507	0.026724	0.390057	0.277934	-0.340052	0.239573	0.313315	0.147551	-0.450467	0.29516	0.795682	-0.060934	0.374748	-0.551015	0.64693	-1.21774	0.229856	-0.760609	-0.41359	0.427441	-0.031429	0.031322	0.455409	0.223575	0.29912	-0.182709	-1.11844	0.20623	-0.34795	-0.082948	-0.185775	0.630131	0.04757	0.506479	-0.009174	0.542924	-0.022546	0.419722	0.480608	0.767993	-0.700028	0.246014	-0.576962	0.35477	0.859424	0.194669	-0.376741	0.108378	-0.036188	-0.685246	0.39756	-0.204146	-0.291475	0.496619	-0.698985
0.761287	0.403674	-1.17923	0.400537	0.248345	0.318402	0.547188	-0.762089	-0.777665	0.096072	-1.03917	-0.857665	0.117027	0.044405	0.308758	0.808617	-1.2258	-0.306576	0.636235	-1.07314	-0.521115	0.006707	0.333321	1.29476	0.041585	-0.605789	-0.692816	-0.451289	-0.359163	-0.501847	-0.056698	1.04485	0.375389	0.750956	-0.836453	0.704655	-0.204837	0.094423	-0.426396	0.002429	0.489118	-0.691354	-1.31023	0.019951	-0.404493	-1.14976	0.140998	-0.287605	0.883222	0.832682	-0.314953	0.886978	0.127968	1.62504	0.479454	-0.504026	1.46068	0.820031	-0.776539	-0.285669	0.611851	0.170486	-0.352666	-0.115378	-0.811461	-0.755325	-0.564908	-0.216422	0.936633	-0.058709	0.111011	-0.167686	1.17832	-0.385771	0.320112	0.099968	-0.016202	-0.302726	0.228334	1.01844	-0.237159	-0.255184	-0.240964	-0.403943	0.581639	0.544382	0.080073	-0.346775	-0.172062	-0.433555	-0.579726	-1.2877	-0.855698	1.20048	-0.373303	0.424264	-0.722445	0.813713	-0.332067	1.55906	0.502053	-0.405788	0.118842	0.721748	-0.313414	0.748259	1.27102	0.218029	0.023638	-0.617852	-0.563175	-1.17422	-0.108742	-0.283565	1.18832	0.38015	-0.170698	0.461524	-1.27794	0.188991	0.372263	-0.0881	-0.881786	-0.436489	0.148374	-0.9149	0.362805	0.594037	-0.451152	-1.75359	0.365812	0.394818	0.025836	0.027466	-0.295422	0.651367	-0.370638	-0.433289	0.494922	0.695919	-0.100501	-0.905471	0.078541	0.117289	0.799145	0.569781	0.029325	1.43146	0.54298	0.026049	0.504521	1.41141	0.372016	-0.661873	-0.514751	-0.122083	-0.269163	-0.451878	-0.459186	-0.194088	0.642465	0.828003	-1.06706	-0.922327	0.286616	0.993471	-0.753069	1.26344	-0.430134	0.262825	-0.969579	-0.052497	0.386649	-0.213821	-0.152876	0.349217	-0.634409	-0.266753	0.95897	-0.156205	0.69767	-0.247924	0.965412	0.707975	0.005594	-0.385711	-0.321116	-0.81934	0.59941	1.0874	0.737032	-1.13217	0.663602	0.17466	-0.603429	-1.12655	-0.640167	-0.48667	0.539879	-1.12728
1.03451	1.00139	-1.29068	0.623478	-0.738137	0.447745	0.735785	-0.306865	-0.977837	-0.484319	-0.698543	-0.625662	0.520966	0.732441	-0.219169	0.09613	-1.05937	-0.212724	1.09346	-0.534028	-1.16146	-0.780553	-0.75536	0.766058	-0.122238	0.458856	-0.902565	-0.619602	-0.199674	-0.744428	-0.990114	1.27066	-0.294515	0.649316	-1.50625	1.01047	0.065396	0.139991	-0.066452	0.234582	0.510206	-1.08681	-2.42339	0.709091	-0.338747	-0.764962	-0.301301	-0.539694	0.940597	0.797721	-0.600839	0.718636	0.253567	1.45814	0.989361	-0.23366	1.80614	0.875734	-0.047389	0.049381	0.436956	0.565206	-0.074456	-0.183784	-1.04028	-0.445092	0.205363	-0.332858	0.395047	0.355973	-0.350111	-0.911132	0.966387	-0.671754	-0.158435	0.799349	0.665545	0.18579	0.404108	1.06303	0.312996	-0.311584	0.286799	-0.358736	1.11559	0.458188	0.142486	-1.02825	-0.59383	-0.624576	-0.503475	-0.611413	-0.915925	1.86598	0.501181	-0.442107	-0.506554	0.399354	0.02731	1.30929	0.341606	0.140815	-0.291871	0.450357	-0.193658	0.343408	1.56486	-0.242809	-0.669332	-0.016253	-0.905142	-1.27662	-0.192115	-0.498377	1.61756	0.245454	0.161657	1.22464	-1.53434	-0.668694	0.226262	0.530375	-0.217781	-1.38556	0.809272	-1.8066	0.386334	0.224402	-1.15311	-1.49499	0.214546	0.672722	0.079659	0.61531	-1.04849	-0.008395	-0.385482	-0.413633	0.370387	1.00844	-0.707988	-1.10426	0.855304	0.539605	0.615982	0.343492	-0.170973	1.69123	0.7589	-0.622231	-0.388797	1.22114	0.498253	-0.582084	-0.207917	-0.256804	0.192403	0.062444	-0.647398	0.738823	0.702422	0.92328	-1.52832	-1.03246	0.248707	0.633014	-0.941888	0.630267	-0.476534	0.990156	-0.33465	-0.789214	0.892433	0.456819	-0.428495	0.571653	0.123887	-0.351727	0.655656	0.384624	1.22068	-0.664126	0.934676	0.493892	-0.125118	-0.401271	-0.086309	-1.22427	0.697405	1.73422	0.574338	0.110565	1.29824	-0.220747	-0.711695	-1.0177	-0.387975	-0.19248	0.75937	-1.10401
0.28052	0.170955	-0.171494	0.103608	0.208397	0.028966	-0.000997	-0.219685	-0.17793	-0.095698	-0.092427	-0.037962	-0.020628	-0.067975	-0.031209	0.179075	-0.110098	-0.121422	-0.120804	-0.10925	-0.246686	0.141264	0.037883	0.263174	-0.05033	-0.096763	-0.058767	-0.133544	-0.143683	-0.276031	-0.022142	0.368972	0.089945	-0.360647	-0.094873	0.031277	0.150619	0.018484	0.189187	0.084971	0.103943	0.026009	-0.131919	0.194425	-0.076409	-0.09872	0.104658	0.06359	0.065203	0.114284	-0.049007	0.140292	0.031489	-0.00795	0.127739	-0.136397	0.1481	-0.037306	-0.154417	0.07886	0.055869	0.081081	-0.012579	-0.041819	-0.069836	-0.344737	-0.069358	0.001674	0.061244	-0.046952	0.034051	0.13139	0.184816	-0.005049	-0.114604	0.06998	0.115198	0.107183	0.061615	0.07544	-0.110832	-0.269794	0.144446	0.043999	-0.048378	0.135668	-0.16335	-0.148093	0.27062	-0.241077	-0.214756	-0.12772	-0.126257	-0.097624	0.000764	-0.001177	0.049678	0.264549	-0.334591	-0.034924	0.052784	0.127175	0.01928	0.029536	-0.030959	0.080681	0.116212	-0.09774	-0.089671	-0.077417	-0.035962	0.103485	0.102078	-0.157273	0.091849	0.023797	-0.237427	0.128196	-0.085485	0.078758	-0.03694	-0.008143	-0.084202	-0.04964	0.152794	-0.165793	0.02268	0.090634	0.013381	-0.10335	0.130192	0.173379	-0.106743	0.042536	-0.114337	0.019713	-0.011989	0.0229	0.023229	0.121058	-0.052707	-0.042804	-0.094323	-0.041626	0.272321	0.233926	-0.086715	0.199482	0.078814	0.000964	0.061051	0.034247	0.005466	-0.083895	0.073105	0.245894	-0.16837	0.073232	-0.044544	0.064491	-0.17877	-0.004498	-0.24626	-0.110891	0.040881	0.11749	-0.084887	0.221295	0.087872	0.166872	-0.090053	-0.370753	0.011057	-0.168396	-0.115379	-0.118822	-0.007542	0.02451	0.087349	-0.009037	0.158238	0.171322	0.114685	0.203797	0.312746	-0.16387	0.068555	-0.13531	0.046075	0.211424	0.131877	-0.152787	-0.024543	0.201805	-0.076055	0.121316	-0.055634	0.076936	0.125249	-0.145672
0.342716	0.098285	-0.212766	-0.016332	0.010288	0.053511	-0.118682	-0.165419	0.047012	-0.048233	-0.152887	-0.034763	0.108201	-0.065851	-0.152846	0.013345	-0.140575	0.000782	-0.063839	-0.026372	-0.129814	0.153581	0.243641	0.197412	-0.084623	-0.193759	-0.074663	-0.251507	-0.22653	-0.154177	-0.002391	0.212717	0.063023	-0.242839	-0.105627	-0.061415	0.083724	0.010233	0.073239	-0.096001	4e-05	0.063883	-0.164748	0.215279	-0.086192	-0.110005	0.055817	0.112668	0.058909	0.054459	-0.136472	0.090008	0.03377	0.122754	0.147638	-0.117658	0.25354	0.033146	0.070198	0.035658	-0.152054	-0.13261	-0.009416	-0.086419	-0.155739	-0.24073	-0.189949	0.121373	0.280275	0.078601	-0.010541	0.06394	0.094998	0.087052	-0.111857	-0.001025	-0.064966	0.093343	0.13725	0.109832	-0.215415	-0.189855	0.100301	-0.045645	0.071954	-0.003734	-0.151854	-0.151995	0.177845	-0.139675	-0.122414	-0.20383	-0.247753	-0.039304	-0.074437	0.032934	-0.080477	0.126853	-0.183457	-0.030464	-0.073986	0.116929	0.150946	-0.003908	-0.057344	0.018725	0.183584	-0.017803	-0.210195	-0.016968	-0.199294	-0.040094	0.009761	-0.156272	-0.038421	-0.017193	-0.148344	0.153517	-0.058374	0.129958	-0.040023	0.012092	-0.090696	0.02342	-0.109221	-0.168108	0.134367	-0.086411	0.138391	0.067315	-0.035488	0.145985	0.017491	0.00589	-0.066772	0.07401	-0.056049	-0.070998	-0.100859	0.023801	0.039061	-0.128781	-0.140821	0.070446	0.133922	0.258172	-0.140345	0.218347	0.09262	-0.124144	0.097761	0.026382	0.085786	0.050083	-0.090077	0.061765	-0.216545	0.069936	-0.145395	0.165285	-0.020569	-0.013532	-0.257324	-0.19343	0.054998	0.1492	-0.10743	0.239753	0.120875	0.083345	-0.134221	-0.231459	-0.05814	-0.204537	0.121108	-0.049041	-0.093292	-0.057931	0.046911	-0.004643	0.122702	0.146914	-0.042421	0.124848	0.076096	-0.060327	0.077167	0.004806	0.03708	0.226504	0.028484	-0.154	0.054082	0.042138	0.206287	-0.019144	-0.0112	0.069666	0.06899	0.025024
0.215668	0.064621	-0.198413	-0.005186	0.025999	0.011944	-0.095015	-0.133606	0.065326	-0.023221	-0.09642	0.018386	0.110163	-0.037204	-0.129381	0.023814	-0.13436	-0.004451	-0.023575	-0.031338	-0.09935	0.114616	0.20552	0.144979	-0.096626	-0.133058	-0.05347	-0.243238	-0.158928	-0.153691	0.050565	0.160066	0.030468	-0.151206	-0.062904	-0.077484	0.071459	0.012823	0.031675	-0.096846	0.044365	0.058725	-0.143008	0.151736	-0.072944	-0.062597	0.041469	0.031937	0.017724	0.074906	-0.086252	0.07174	0.079712	0.142071	0.104736	-0.066079	0.195762	0.029322	0.068407	-0.05327	-0.099363	-0.104154	-0.00788	-0.109043	-0.125961	-0.197514	-0.169218	0.145993	0.222577	-0.008146	-0.023015	0.037942	0.031186	0.035479	-0.098423	0.009883	-0.023159	0.13579	0.089428	0.103054	-0.159886	-0.120424	0.085005	-0.035172	0.046446	-0.024913	-0.092008	-0.146504	0.13863	-0.062242	-0.059945	-0.151373	-0.146056	-0.043579	-0.084858	-0.022936	-0.077059	0.103178	-0.144402	-0.031771	-0.08294	0.111594	0.124349	0.006634	0.005959	0.053926	0.110632	0.010173	-0.122055	-0.065633	-0.171637	-0.023686	-0.008958	-0.151249	-0.052659	-0.010216	-0.141078	0.105442	-0.062891	0.127576	0.004082	-0.024889	-0.065289	0.019392	-0.046902	-0.115351	0.119845	-0.060445	0.06768	0.019155	-0.039884	0.129001	0.023532	0.019338	-0.035139	0.065168	-0.025054	-0.04945	-0.073186	0.033033	0.076145	-0.063928	-0.103612	-0.017188	0.13557	0.196069	-0.122079	0.131199	0.095124	-0.10898	0.079277	0.054898	0.095826	0.051942	-0.055594	0.094055	-0.20448	0.018239	-0.085909	0.087771	0.029262	-0.033794	-0.180207	-0.164223	-0.022021	0.150653	-0.081912	0.192444	0.079889	0.035804	-0.09272	-0.188703	-0.036877	-0.183703	0.088465	-0.055499	-0.118211	-0.018308	0.053087	-0.031332	0.096422	0.096282	-0.003577	0.105334	0.040574	-0.059553	0.107845	-0.002517	0.029968	0.160752	0.019857	-0.115737	0.032432	0.086077	0.152621	0.005475	-0.040471	0.045921	0.031039	0.038702
1.45571	0.132204	-1.05799	0.355621	0.264094	0.105475	0.537112	-2.04948	-0.413544	0.589088	-1.16164	-1.25988	0.58807	1.24457	-0.391842	-0.202476	-1.6241	-0.124055	0.718621	-0.212185	-0.799284	0.491767	1.15355	0.699474	-1.37195	0.215473	-0.875191	-0.913469	0.176729	0.751081	0.252472	0.450424	0.00404	1.41271	-1.44798	-0.666961	0.556755	-0.02701	-0.318882	0.045729	-0.093225	-0.466944	-1.02553	0.170581	-1.30696	-0.765245	0.007451	0.746357	0.333274	-0.211476	-0.43392	0.440643	0.781579	2.60778	1.61195	-0.086764	2.03718	-0.382032	0.936847	0.125463	-0.141647	-1.28949	-0.29545	-0.347922	-0.498884	0.295074	-0.42476	-0.525688	0.527652	-0.085731	0.593466	-0.843401	0.328705	1.07308	0.332568	-0.269102	-0.342773	-0.754136	0.263817	1.43181	-0.594731	0.178593	0.154824	-0.581532	1.01549	0.61549	0.100245	-0.329226	-0.36135	-0.270664	-1.30636	-0.895186	-1.15598	1.94259	-1.51416	-0.207732	-1.71062	1.2411	-0.499434	1.65835	0.430071	-0.500472	0.949054	0.826095	-0.239534	0.503105	1.37907	1.59218	-0.100266	-0.071802	0.051518	-2.13907	-1.01442	-0.689908	0.26653	0.187845	1.32975	-0.340126	-1.82344	-0.754728	0.057124	-0.678746	-1.1689	-1.26865	-1.20284	-1.13525	2.06304	0.222428	-0.411825	-0.717496	-0.160547	0.602186	0.407472	0.701641	-0.903206	1.48251	-0.253639	-1.6947	0.206047	0.818483	-0.569315	-1.08079	-0.235623	0.472192	0.08749	1.09888	0.239005	0.831438	-0.807622	-1.07088	0.785621	1.12875	1.90333	-0.361291	-0.431379	-0.617087	-0.226363	-1.57897	-1.01251	0.771486	0.39086	0.600985	-1.2349	-2.32623	1.28915	1.27551	-1.38716	1.47197	-0.523047	1.70227	-0.796547	0.94473	-0.079071	0.122457	1.18058	0.360394	-0.638759	-1.08324	1.26591	-0.449849	-0.231606	-0.311673	-0.259486	0.179598	-2.02963	-1.45286	-1.95965	-0.058602	0.122091	1.95891	-0.632663	-1.0867	0.602307	-1.18205	0.036865	-2.01111	0.436509	0.272015	0.633066	-1.38728
1.17878	-0.02816	-1.08889	0.037147	0.300467	0.349027	1.02005	-1.17093	-0.687469	-0.248678	-0.836379	-0.550801	0.554882	0.337875	0.062423	0.207147	-0.700256	-0.650153	0.288933	0.211807	-0.733226	0.182889	0.607449	0.403587	-1.369	-0.260445	-0.567975	-0.554293	0.067964	0.255693	0.211307	0.951444	0.047465	0.370905	-0.320201	-0.127348	0.660794	0.475112	0.394129	-0.077074	-0.596981	-0.480791	-0.670291	0.350176	-1.05085	-0.425432	0.30021	0.875214	0.492996	0.110272	0.023283	0.466114	-0.117466	1.42337	0.860109	-0.493544	1.19335	-0.016823	-0.587423	0.067571	-0.197949	-0.448325	-0.122558	-0.3099	-0.533493	0.315525	-0.380043	-0.651064	0.416464	0.153027	0.309576	-0.247093	0.253626	0.531694	0.150281	-0.154172	-0.280737	-0.469341	-0.088446	1.39276	-0.207864	-0.518984	-0.045741	-0.177144	0.743051	0.461482	0.108707	-0.277192	0.167787	-0.571398	-1.12365	-0.546364	-1.04586	1.48069	-0.558381	-0.081562	-1.09642	0.960156	-0.374056	1.03345	0.403025	-0.835196	0.701183	0.676253	-0.290778	0.026004	1.13297	0.545773	-0.528618	-0.592561	-0.120297	-1.06765	-0.157416	-0.432456	0.433802	0.358646	0.881228	0.299462	-1.17529	-0.546311	0.37997	-0.665455	-0.491699	-1.0956	-0.387629	-1.11258	0.661989	0.187448	-0.116186	-0.989241	0.128812	0.654168	0.815044	0.073628	-0.46926	0.657065	-0.306432	-1.04383	0.060858	0.689521	-0.324857	-1.05244	0.350931	0.011668	0.610781	0.654417	-0.072785	0.962654	-0.222904	-0.497943	0.33734	0.933157	0.663168	-0.41731	-0.145938	0.223505	-0.166722	-0.615838	-0.631292	0.605388	-0.792129	1.09418	-1.02788	-1.16789	1.05283	0.677182	-0.67745	0.384657	-0.364251	0.939401	-1.05408	-0.391808	-0.00851	-0.554578	0.757832	0.028494	-0.254593	-0.345982	0.477539	0.694508	-0.193501	-0.370898	-0.086856	0.121478	-0.831634	-0.988017	-1.20683	-0.007049	0.423778	1.34654	-0.216278	-0.713638	0.791169	-0.557813	-0.421039	-0.998184	0.424666	0.058978	0.551878	-0.964642
0.701714	0.256915	-0.646491	0.328842	0.107253	-0.046415	0.740418	-0.475818	-0.811647	-0.412553	-0.473602	-0.091791	0.132531	0.225311	0.005581	0.439951	-0.265309	-0.382063	0.151844	-0.255444	-0.70293	0.099269	-0.033486	0.435352	-0.343483	-0.052185	-0.373254	-0.424885	-0.175695	-0.167952	-0.417088	0.921705	-0.143734	-0.019452	-0.471594	0.515706	0.340515	0.246632	0.187817	0.253993	0.128977	-0.298891	-0.759841	0.232905	-0.305332	-0.326024	0.232971	0.002323	0.461722	0.523664	-0.301854	0.592805	-0.148663	0.54173	0.427384	-0.294508	0.659095	0.075916	-0.715021	0.140108	0.426753	0.409668	0.014377	-0.144382	-0.328459	-0.430158	0.148596	-0.353765	0.18131	0.148318	-0.120667	0.027472	0.435919	0.02871	-0.065827	0.369309	0.255476	-0.014679	-0.117462	0.537615	-0.068477	-0.326806	0.028498	-0.112509	0.135807	0.437961	-0.113839	-0.532931	0.385122	-0.520146	-0.519376	-0.330081	-0.337652	0.814531	0.087834	-0.14521	-0.188671	0.673467	-0.241484	0.565611	0.309163	-0.147975	-0.042246	0.329015	-0.00365	0.079252	0.624202	-0.064881	-0.521607	-0.407351	-0.318804	-0.35815	0.317927	-0.438331	0.61263	0.120348	-0.076732	0.613184	-0.719103	-0.229235	0.219757	0.134339	-0.181352	-0.550564	0.531543	-0.766317	0.033215	0.188232	-0.195594	-0.980232	0.528827	0.462638	0.085354	0.032312	-0.28155	0.126127	-0.076127	-0.30195	0.277771	0.533909	-0.171458	-0.487863	0.40437	-0.094143	0.637535	0.230265	-0.017076	0.74334	0.329043	-0.110673	0.081289	0.617598	-0.008923	-0.405207	-0.047969	0.511725	-0.152752	-0.087446	-0.044575	0.186201	-0.37575	0.464219	-0.721921	-0.346168	0.452939	0.269616	-0.07166	0.254318	-0.06516	0.425581	-0.411419	-0.850047	0.280897	-0.327594	-0.238811	0.242503	0.05728	-0.05771	0.340268	0.117419	0.583435	0.006567	0.252846	0.562558	0.405597	-0.276141	-0.123923	-0.424713	0.389615	0.668698	0.247659	-0.236596	0.486157	0.134619	-0.374236	-0.231746	-0.276758	-0.119467	0.523852	-0.773627
0.511475	0.248554	-0.463514	0.281901	0.196562	0.055446	0.077934	-0.394609	-0.222894	-0.186581	-0.418787	-0.036515	0.111661	0.082907	-0.083605	0.253677	-0.271501	-0.094793	-0.006577	-0.12157	-0.432764	0.227307	0.036381	0.442132	-0.251196	-0.200277	-0.187972	-0.385932	-0.130729	-0.311555	-0.132553	0.587818	0.023751	-0.204746	-0.306303	0.202493	0.217323	0.114266	0.169121	0.137535	0.214254	-0.143747	-0.385273	0.287097	-0.293216	-0.14705	0.189384	-0.034684	0.18885	0.197433	-0.266826	0.408914	0.106523	0.361844	0.35669	-0.244148	0.389511	-0.094423	-0.244048	0.046659	0.115678	0.026664	-0.076455	-0.169896	-0.246824	-0.402071	-0.079566	0.021733	0.178048	-0.002805	0.033321	0.033369	0.22879	0.052562	-0.110073	0.251489	0.088051	0.205669	0.0744	0.221974	-0.257007	-0.310008	0.154252	-0.118879	0.044891	0.166979	-0.096364	-0.341421	0.324135	-0.291911	-0.431393	-0.259401	-0.394934	0.146513	0.043794	-0.068449	-0.055477	0.384549	-0.460825	0.131608	0.10992	0.044612	-0.009938	0.188114	-0.152091	0.230623	0.459405	-0.11864	-0.200739	-0.170434	-0.041806	-0.121802	0.053811	-0.400032	0.312025	0.026718	-0.175812	0.265603	-0.455745	-0.119035	-0.039594	-0.051507	-0.110305	-0.196079	0.207948	-0.402868	0.084126	-1e-05	-0.086245	-0.392998	0.263639	0.330843	-0.037826	0.12196	-0.265936	0.104105	-0.176075	-0.122429	0.016367	0.306369	-0.228512	-0.252773	-0.092578	0.045428	0.397626	0.340563	-0.236692	0.353914	0.215153	-0.102834	0.120568	0.353101	0.173935	-0.31001	-0.037372	0.352126	-0.32773	0.010335	-0.249875	0.221422	-0.251821	0.138745	-0.516103	-0.339585	0.098577	0.287892	0.009839	0.33014	0.066699	0.3248	-0.240174	-0.658728	0.100461	-0.345484	-0.031493	-0.050972	0.101979	0.060212	0.316841	0.069456	0.284397	0.016207	0.204517	0.381846	0.303314	-0.186218	0.040132	-0.31291	0.269976	0.549549	0.128652	-0.330397	0.190828	0.138453	-0.161718	0.068685	-0.168423	-0.035263	0.239602	-0.414625
0.929771	0.838013	-0.427168	1.299	1.17103	-0.551621	0.104025	-0.836211	-0.825024	-0.69136	-0.707933	0.193747	-0.726355	0.544846	0.269434	1.13476	0.159599	-0.829144	-0.366131	-0.415351	-0.822148	0.274186	-0.717638	0.747811	-0.676963	0.362693	-0.022595	-0.726599	-0.227577	-0.680908	-0.468124	1.47921	0.568605	-0.663338	-0.393595	0.862485	0.204752	-0.131974	0.874699	0.969727	1.04128	-0.670326	-0.330655	0.011033	-0.689068	-0.313714	0.80072	-0.197433	0.722125	0.483038	0.41594	1.13505	0.119241	-0.345256	0.421978	-0.078917	0.187044	-0.16465	-1.23044	0.219974	0.457714	0.5779	0.479984	0.11876	0.103001	-0.846652	0.808279	-0.412396	-0.696531	-0.678231	0.305509	0.126432	0.696303	0.087224	-0.667433	0.948855	1.04273	0.196982	0.183094	0.409142	-0.156237	-0.727994	0.201038	0.110289	-0.603271	0.859417	-0.1918	-0.653185	0.818966	-0.874057	-0.838424	-0.019838	-0.588599	0.093973	0.63802	-0.369545	0.6845	1.25145	-1.56986	0.211103	0.862451	0.008466	-0.481186	-0.244325	-0.239215	0.767918	0.778156	-0.906608	0.18433	-0.206931	0.495783	0.858649	0.850887	-0.732338	0.999842	0.53103	-0.436773	0.547905	-0.837709	-0.554259	-0.093251	0.293795	0.060267	-0.736891	1.41079	-0.683625	-0.228891	0.519395	-0.319744	-1.14434	0.733417	0.817368	-0.30103	0.296009	-0.503562	-0.290709	0.090904	-0.173411	0.237963	0.726836	-1.00952	-0.453377	-0.155276	-0.283139	0.984381	-0.000914	0.149567	0.394884	0.056041	0.38683	0.762233	0.652059	0.288924	-0.947143	1.13959	1.35641	-0.627434	0.603881	-0.012166	-0.006869	-0.963144	0.16896	-1.17226	-0.230678	0.12245	0.425969	0.130363	-0.149855	-0.054131	0.738762	-0.259728	-1.78177	0.539327	-0.574089	-1.03411	-0.2365	0.262485	0.166982	0.656924	0.02274	0.607687	0.14303	0.703614	0.826993	1.22143	-0.563714	0.087877	-0.432826	0.452362	0.849188	0.620106	-0.383766	0.179761	0.610793	-0.715998	0.818592	-0.328434	0.001987	0.845986	-1.4464
1.16314	0.639883	-0.733661	0.427174	0.718892	-0.519906	0.025523	-0.87126	-0.989149	-0.388255	-0.672012	-0.199922	-0.228089	0.193719	-0.06936	0.425285	-0.259044	-0.686343	0.045619	-0.327253	-0.731001	0.314433	0.044532	0.535347	-0.391132	0.350259	-0.239813	-0.546155	0.029244	-0.216277	-0.460377	0.989873	0.407772	-0.027564	-0.620047	0.637475	0.381294	-0.135267	0.267869	0.308168	0.200523	-0.396952	-0.464135	-0.082042	-0.693954	-0.365349	0.400373	0.342798	0.539258	0.389414	-0.118189	0.531963	0.143207	0.308598	0.77734	-0.15708	0.379409	-0.267553	-0.573927	0.194884	0.135318	0.236214	0.256539	-0.077381	0.018202	-0.887705	0.565274	-0.284594	-0.120425	-0.290114	0.037588	0.005196	0.122825	0.350473	-0.325573	0.457432	0.476563	-0.490706	0.31562	0.54185	-0.593196	-0.494875	0.143933	-0.332017	-0.03359	0.749876	-0.295153	-0.392632	0.532279	-0.579785	-0.892908	-0.348171	-0.468167	0.42989	-0.179954	-0.476694	-0.064428	1.17828	-0.9182	0.57684	0.129441	0.132083	-0.245144	-0.126968	-0.14555	0.335203	0.608519	0.072555	0.103664	0.161395	0.00858	-0.064598	0.646618	-0.382191	0.463325	0.5253	-0.078681	0.380404	-0.747242	0.159335	-0.079761	0.02622	-0.190773	-0.626067	0.273978	-0.8595	0.257371	0.133784	-0.1233	-0.747636	0.714729	0.637195	-0.291734	0.246534	-0.406552	0.421138	-0.1582	-0.75678	-0.025665	0.590327	-0.561772	-0.371615	-0.288911	-0.141486	0.472167	0.693564	0.034922	0.74286	-0.187935	-0.272006	0.900095	0.348481	0.245868	-0.14815	0.757068	0.719074	-0.311375	-0.165954	0.017093	-0.075911	-0.602385	-0.171251	-0.985553	-1.05464	0.789678	0.603662	-0.297022	0.394418	0.061679	0.745336	-0.328287	-0.543423	-0.217113	-0.784612	-0.103529	0.192665	-0.159023	0.008935	0.717977	-0.19813	0.470804	0.312713	0.087481	0.501768	0.283304	-0.657501	-0.182671	-0.058551	0.215052	0.806884	0.214851	-0.252242	-0.022675	-0.050497	-0.253695	0.171848	-0.085899	0.152686	0.69427	-1.15268
0.082774	0.042898	-0.06415	0.003998	0.016317	-0.014532	-0.024479	-0.056243	-0.014931	-0.017254	-0.033108	-0.004282	0.013438	-0.032494	-0.025522	0.025441	-0.017823	-0.019098	-0.024233	-0.024246	-0.058303	0.023719	0.057506	0.059413	-0.016127	-0.041083	-0.012505	-0.067694	-0.047726	-0.049973	-0.006654	0.073374	0.034787	-0.059004	-0.016897	-0.004117	0.030195	-0.006124	0.035318	-0.01382	0.010615	0.017638	-0.055491	0.06779	-0.010991	-0.014097	0.006942	0.028344	0.00605	0.024329	-0.043139	0.017345	0.013679	0.020598	0.043933	-0.035362	0.056257	0.009041	0.000446	-0.011634	-0.017633	0.002915	-0.000807	-0.013446	-0.035142	-0.0679	-0.045319	0.034089	0.057209	0.002642	-0.019066	0.016007	-0.002977	0.029363	-0.041773	-0.003777	0.002525	0.036804	0.036353	0.029634	-0.042524	-0.050497	0.038295	-0.000132	0.009634	0.010586	-0.034616	-0.052475	0.051782	-0.045206	-0.027931	-0.035645	-0.044059	-0.022839	-0.019845	-0.00901	-0.006008	0.037819	-0.063032	-0.023359	-0.025153	0.04724	0.028598	-0.005595	-0.019198	0.017767	0.044147	-0.002055	-0.048944	-0.015003	-0.038858	0.014544	0.027965	-0.05297	-0.010767	0.001869	-0.054427	0.038401	-0.025626	0.041504	-0.024638	-0.00475	-0.01531	-0.005387	-0.002354	-0.062528	0.022332	-0.018517	0.029606	-0.009317	0.019533	0.052721	-0.011557	0.013455	-0.019951	0.013187	-0.014318	-0.024546	-0.027615	0.018382	-0.002977	-0.011183	-0.022091	-0.004183	0.042296	0.06269	-0.035373	0.059652	0.043426	-0.036178	0.031836	0.013164	0.006064	0.001317	0.002894	0.045617	-0.049115	0.032638	-0.026367	0.039697	-0.033374	-0.016461	-0.067045	-0.054268	0.025987	0.023854	-0.02338	0.057843	0.038905	0.020981	-0.028693	-0.084399	-0.013725	-0.075368	0.011153	-0.018077	-0.017215	-0.010997	0.024554	0.004996	0.046406	0.040185	0.005365	0.039646	0.046991	-0.036089	0.028465	-0.010605	-0.007074	0.056697	0.025719	-0.035217	0.014316	0.03575	0.029085	0.028195	-0.013554	0.017537	0.034845	-0.02236
0.188757	0.117114	-0.318645	0.091964	-0.059201	0.122103	-0.065185	-0.232517	-0.01546	-0.101118	-0.079054	-0.004916	0.170715	-0.149223	-0.007277	0.121973	-0.064197	-0.011214	-0.063148	-0.040076	-0.278525	0.015611	0.30018	0.242434	-0.157554	-0.296987	-0.051434	-0.258903	-0.155428	-0.204993	0.055572	0.192356	0.140842	-0.266254	-0.114573	-0.043377	0.182814	-0.099315	0.108181	-0.112216	-0.066246	0.051999	-0.309587	0.391357	0.016675	-0.020207	-0.009176	0.185585	-0.035515	0.05983	-0.281319	0.047009	0.028618	0.130048	0.186539	-0.258715	0.315916	0.051225	0.058485	-0.0372	-0.120664	-0.068295	-0.041274	-0.133589	-0.274635	-0.138845	-0.299861	0.100581	0.276356	0.121436	-0.14638	0.045495	0.011473	0.185281	-0.131913	-0.0906	-0.100494	0.211564	0.186364	0.057948	-0.11262	-0.321472	0.086752	0.034986	0.138732	0.044864	-0.153208	-0.172238	0.151244	-0.223468	-0.045614	-0.115828	-0.178883	-0.019797	-0.134864	0.010873	-0.022345	0.116898	-0.248342	-0.06243	-0.02609	0.136213	0.089489	0.052023	-0.160502	0.088515	0.259793	-0.027329	-0.417233	-0.124534	-0.133224	-0.028387	-0.083731	-0.200067	0.027848	-0.109018	-0.147907	0.288061	-0.124403	-0.009854	-0.168382	0.085083	-0.094137	-0.026425	-0.039272	-0.326974	-0.00355	-0.00548	0.185248	-0.030557	0.052125	0.258933	-0.024672	0.04602	-0.186784	-0.035756	-0.091884	-0.102866	-0.07895	-0.080284	-0.091636	-0.089017	0.078232	0.054044	0.158382	0.189107	-0.168509	0.302323	0.220236	-0.170507	0.059697	0.075113	-0.01518	-0.000738	-0.019255	0.140822	-0.088778	0.13705	-0.140612	0.327322	-0.242854	0.096121	-0.327884	-0.07403	0.101245	-0.003935	-0.107471	0.252153	0.201377	0.180742	-0.143988	-0.40849	0.068665	-0.148321	0.079155	-0.039352	-0.025532	0.034821	0.028249	0.251009	0.112082	0.105614	0.029693	0.10047	0.249121	-0.165187	0.123601	-0.082126	-0.05272	0.249841	0.007326	-0.177378	0.23797	0.074592	0.032873	0.068214	0.039387	0.035118	0.108624	-0.083116
0.450736	0.319484	-0.321113	0.757675	0.10451	0.189134	0.577343	-0.509334	-1.04752	-0.972271	-0.5331	-0.115425	-0.360295	-0.473809	1.37246	1.33003	0.477611	-0.568019	0.118353	-0.524585	-1.24608	-0.856975	0.272303	0.459263	-0.972556	-0.87633	-0.470571	-0.456045	-0.504441	0.268023	0.244657	1.1745	0.623101	-0.191005	-0.480011	0.522027	0.543035	-0.462025	0.79349	0.478115	-0.148689	0.124776	-1.21501	1.64398	0.366426	-0.42388	-0.008624	0.83827	0.243623	0.168337	-0.166723	0.411762	-0.50729	0.394713	0.421634	-0.806649	1.59106	0.474652	-1.44764	-0.219195	0.578735	0.823325	0.083057	0.220885	-0.941132	0.332583	-0.464527	-0.3543	-0.36528	0.590009	-0.004498	0.282831	0.67442	0.612311	-0.020935	-0.355022	0.000978	-0.071697	0.317164	0.937106	0.922429	-0.721772	-0.456656	0.423985	0.260868	0.677305	0.172061	-0.278128	-0.261637	-1.10357	0.316534	0.117756	-0.558104	0.991083	0.082543	0.016308	-0.054696	0.557839	-0.666642	0.451776	0.656007	-0.766913	-0.251346	0.80051	-0.892092	0.524368	1.14919	-0.863839	-1.56465	-1.11005	0.464332	-0.450084	0.14996	-0.286372	1.24451	-0.428462	-0.068266	0.850442	-0.640881	-1.39783	-0.347985	0.441251	-0.230841	-0.8656	0.636546	-1.10573	-0.466498	0.761062	0.444801	-1.32119	0.752069	0.711295	0.290375	0.063598	-0.538647	-0.44622	-0.184932	0.051978	0.604559	-0.33982	-0.885532	-0.287481	1.24823	-0.455867	0.675936	-0.80862	-0.002307	1.0831	0.784852	0.063272	0.758414	0.427803	-0.634789	-1.08174	0.172637	0.854125	0.480791	0.877609	-0.293216	0.778645	-1.45772	1.18551	-1.41732	0.850295	0.717629	-0.323022	-0.12282	0.069544	0.226301	0.977964	-0.470689	-2.13561	0.954782	-0.088214	-0.257798	0.053651	1.00337	-0.129038	-0.046963	1.44189	0.124266	-0.384826	1.04717	0.565765	1.32047	-1.04725	-0.062443	-0.722631	0.181266	0.855932	1.16259	-0.702998	1.56609	0.069092	-1.69918	-0.028807	-0.182806	-0.024594	1.13897	-1.46085
1.23435	0.727764	-1.07094	0.684543	0.573753	-0.213459	0.589222	-0.565899	-1.00333	-1.19673	-1.34577	0.82733	-0.300284	0.530386	0.76554	1.21209	-0.575018	-1.30363	-0.550918	-0.102496	-0.911685	-0.049699	-0.656774	1.03341	-1.62991	0.00701	0.11932	-0.929938	0.269146	-0.26312	-0.558131	1.76527	0.470011	-0.173722	-0.673675	1.32293	0.165431	0.38843	1.47082	0.926994	0.806452	-0.846169	-0.94122	1.02623	-1.01764	-1.03192	0.42396	0.24727	0.784438	-0.128964	0.706396	1.13321	0.335685	0.281674	0.476722	-0.755433	1.14417	-0.035493	-1.19561	-0.36907	0.559972	0.867318	0.131051	0.158898	-0.147596	-0.442211	0.317822	-0.414219	-0.559098	-0.274907	0.492405	0.05736	0.803494	0.104147	-0.278208	1.16492	0.826597	-0.406413	0.398667	1.19839	-0.219865	-0.76014	-0.17563	-0.330502	-0.199754	1.10643	0.689611	-0.563004	0.798303	-0.708501	-0.934515	-0.534231	-1.13527	0.92446	0.36587	-0.918711	0.393518	1.5845	-1.40137	0.797688	0.935277	-0.639092	-0.43397	0.118055	-1.12158	1.12749	1.43265	-1.26601	-0.516068	-1.06822	0.356088	0.337881	0.630455	-1.08533	1.23595	0.213255	0.44491	0.376944	-1.74539	-1.08102	-0.198128	-0.431495	-0.092131	-0.91504	0.916214	-1.08397	0.33688	0.377825	-0.429185	-1.15635	0.262184	0.631644	0.40667	0.206089	0.041298	-0.129542	-0.216994	0.086771	0.546775	0.709425	-1.5354	-0.441735	-0.378028	-0.318095	0.872077	0.232867	0.016258	0.680251	0.082806	-0.335466	1.54649	1.05291	0.301508	-1.17364	0.711823	1.39927	-0.622857	0.987266	-0.59295	0.322541	-1.64258	0.691137	-1.55308	-0.142091	0.203978	0.635344	0.049885	-0.294949	-0.401434	0.443977	-0.515711	-2.04659	0.433338	-1.06539	-0.722417	-0.3423	1.06993	0.016294	1.01236	-0.311353	0.690253	-0.103631	1.01359	1.16045	0.683699	-1.11462	-0.215923	-0.81059	0.767193	1.14757	0.603356	-0.475131	0.680084	-0.255098	-1.20636	0.085909	-0.396689	-0.505985	0.866308	-1.08851
0.318174	0.159457	-0.191208	0.086084	0.16415	0.008794	-0.061816	-0.228089	-0.113442	-0.076997	-0.237233	0.048518	-0.041194	-0.08731	0.032438	0.147395	-0.054428	-0.062942	-0.182408	-0.07844	-0.254604	0.107667	0.04911	0.252824	-0.108823	-0.135543	0.041822	-0.176722	-0.171854	-0.161054	-0.089738	0.378991	0.11357	-0.205713	-0.094156	0.040767	0.152747	-0.029101	0.23033	0.032624	0.108152	0.088322	-0.175246	0.287321	-0.052205	-0.15588	0.06905	0.061511	0.067517	0.025676	-0.075848	0.092301	0.036054	0.062938	0.161411	-0.139065	0.203879	0.017095	-0.121831	0.080235	-0.000515	0.057506	-0.040395	-0.063367	-0.080988	-0.302064	-0.113188	0.125927	0.049851	-0.002291	0.002457	0.062945	0.080534	0.067492	-0.103566	0.061049	0.075192	0.148209	0.103827	0.065998	-0.104719	-0.217333	0.124481	-0.031009	-0.089756	0.113211	-0.100049	-0.125729	0.21526	-0.205603	-0.202844	-0.118791	-0.198217	-0.055918	-0.031465	-0.109643	0.002928	0.261188	-0.302	-0.01242	0.012248	0.11532	0.015222	0.029344	-0.143199	0.133845	0.160034	-0.092021	-0.153088	-0.074182	-0.035904	0.063501	0.161473	-0.208018	0.111391	0.004341	-0.21288	0.088259	-0.080559	0.052907	-0.103015	-0.027072	-0.029682	-0.066769	-0.011253	-0.213382	0.048717	-0.011469	0.055753	-0.102257	0.145086	0.128076	-0.041225	0.05414	-0.033471	0.04722	-0.057768	-0.015246	-0.051131	0.085199	-0.14397	-0.004237	-0.175043	-0.006483	0.147994	0.1179	-0.123194	0.197654	0.107981	-0.082227	0.176708	-0.020226	-0.06723	-0.082404	0.031935	0.186701	-0.182416	0.153648	-0.061419	0.099153	-0.217545	-0.04277	-0.265428	-0.153512	0.090315	0.063122	-0.03891	0.103532	0.133068	0.162671	-0.087794	-0.367161	-0.0073	-0.235548	-0.030054	-0.185699	0.050621	-0.024861	0.139921	0.006066	0.111832	0.151334	0.060805	0.253609	0.235075	-0.189106	0.086618	-0.131239	0.018643	0.221975	0.090804	-0.110198	0.064187	0.067381	-0.027141	0.113114	-0.100241	0.059305	0.164519	-0.202183
0.271718	0.173348	-0.210678	0.102778	0.047927	0.01477	-0.010699	-0.151936	-0.080933	-0.067631	-0.216165	0.058577	0.025835	-0.040794	-0.023723	0.085513	-0.034713	-0.062843	-0.178214	-0.011721	-0.215487	0.191493	0.065848	0.260064	-0.14664	-0.197727	0.016264	-0.174543	-0.107447	-0.102575	-0.058934	0.31457	0.05015	-0.272139	-0.035434	0.046235	0.084053	0.105514	0.197333	0.005154	0.107115	0.021296	-0.063728	0.202349	-0.129538	-0.038036	0.064059	0.155191	0.015537	-0.028853	-0.111827	0.112061	0.030397	0.028074	0.107173	-0.15343	0.150072	-0.091538	-0.101782	0.012637	0.009467	0.004974	0.009414	-0.002486	-0.076146	-0.195412	-0.09286	0.052868	0.072105	0.0651	0.027939	0.073955	0.042041	0.12507	-0.09202	0.105524	-0.003955	0.047823	0.086278	0.038221	-0.160766	-0.211296	0.059854	0.014667	-0.026943	0.097124	-0.070481	-0.116792	0.20929	-0.173553	-0.205248	-0.055284	-0.205299	-0.077385	0.017049	-0.021377	0.066758	0.226126	-0.250626	-0.044021	-0.004265	0.085868	-0.037713	-0.037867	-0.152169	0.084762	0.166763	-0.102537	-0.153406	-0.045582	-0.008455	0.074031	0.096212	-0.207246	0.038505	0.028064	-0.124239	0.130184	-0.127928	-0.014195	-0.127739	-0.025091	-0.068307	-0.019651	0.02896	-0.17714	-0.005952	-0.054185	0.086474	-0.030516	0.110186	0.170937	-0.004265	0.068106	-0.068785	0.020764	-0.122322	-0.034404	-0.048067	0.086452	-0.155773	-0.067592	-0.121993	0.063032	0.190492	0.189989	-0.09237	0.145927	0.091165	-0.082514	0.140273	0.023238	0.015353	-0.07556	0.04462	0.178204	-0.187011	0.185363	-0.098649	0.132315	-0.311706	-0.006569	-0.251622	-0.095506	0.077384	0.040683	0.017342	0.091153	0.120529	0.082815	-0.054347	-0.365898	0.032287	-0.23404	0.03891	-0.099925	0.070625	-0.030265	0.082061	0.047496	0.089394	0.146643	0.04258	0.149588	0.196413	-0.155358	0.015601	-0.055135	0.060207	0.172374	0.032485	-0.158608	0.019516	0.050095	-0.015727	0.128047	-0.017824	-0.004137	0.058849	-0.131297
0.837034	0.345311	-0.817052	0.192193	0.50243	-0.77564	0.50311	-0.902863	-1.31437	-0.543364	-0.792618	0.171979	0.094234	0.322671	0.683024	0.95228	-0.145376	-1.06704	-0.126328	-0.36964	-0.652113	-0.173839	0.390146	0.308076	-0.949818	0.077039	-0.077333	-0.754368	0.281881	0.039444	-0.320526	0.748105	0.577212	0.426076	-0.709847	0.735232	0.25233	-0.237741	0.316082	0.270271	0.021148	-0.519078	-1.07242	0.041993	-0.489842	-0.593379	0.388077	0.582234	0.510428	0.487834	-0.011674	0.546624	0.104682	0.397431	0.485738	-0.205186	0.460842	-0.129934	-0.942881	-0.11867	0.496238	0.575358	0.19105	-0.155302	-0.430744	-0.4092	0.652216	-0.520807	-0.037487	-0.306681	-0.006257	-0.116951	0.279169	0.47006	0.036117	0.372847	0.390431	-0.285336	0.107945	0.750182	-0.129887	-0.251672	-0.136456	-0.543279	0.085903	0.623835	-0.11457	-0.709299	0.548454	-0.626291	-0.48203	-0.521262	-0.093826	1.185	-0.410498	-0.906156	-0.22536	1.05461	-0.673101	0.940622	0.230785	-0.175252	0.06377	0.14534	-0.285422	0.669605	0.790912	-0.130383	-0.321085	-0.755278	-0.144031	-0.181588	0.457939	-0.466698	0.487711	0.255172	0.466091	0.237265	-1.15038	-0.384325	0.240448	-0.141059	-0.029089	-0.890996	0.710077	-0.798267	0.395713	0.852989	-0.265611	-1.57575	0.896842	0.528994	0.315865	0.059741	-0.203699	0.352534	0.287795	-0.806439	0.11808	0.655133	-0.421616	-0.276974	0.286899	-0.564407	0.541139	0.255817	0.116967	0.458483	0.070343	-0.406597	1.13891	0.819501	0.030026	-0.942262	0.80406	1.25528	-0.074418	-0.120438	-0.040899	0.046282	-0.820039	0.453848	-0.864628	-0.449421	0.631162	0.260012	-0.131951	-0.013682	0.189345	0.544504	-0.962603	-0.820002	0.148148	-0.830938	-0.199544	0.123855	0.171655	0.171786	0.950964	-0.146914	0.59606	0.0183	0.390045	0.777734	0.177473	-0.789164	-0.17323	-0.071639	0.282315	0.814304	0.079745	-0.113583	0.848876	-0.144232	-0.639202	0.018732	-0.240668	-0.051023	0.886297	-1.08079
0.241067	0.147874	-0.140636	0.0455	0.058568	-0.050971	0.02034	-0.102708	-0.129541	-0.072916	-0.166492	0.035678	0.01405	0.031414	-0.00143	0.061132	-0.055873	-0.096391	-0.134397	0.011265	-0.185639	0.154978	-0.079677	0.164314	-0.079025	-0.08431	0.007789	-0.107968	-0.06314	-0.150388	-0.129802	0.297677	0.064256	-0.1486	-0.042162	0.112441	0.076048	0.09182	0.127958	0.065791	0.110238	-0.060763	-0.054341	0.081397	-0.116679	-0.021465	0.086408	0.09311	0.079326	0.00982	-0.041624	0.123548	0.031643	-0.030611	0.098763	-0.065996	-0.003942	-0.103863	-0.104116	0.037569	0.064128	0.05071	0.071364	-0.044349	-0.016581	-0.211702	0.027973	-0.010613	0.005401	0.023034	0.045047	-0.00064	0.052921	0.04455	-0.073277	0.142412	0.108771	0.05559	0.033579	0.036736	-0.14677	-0.173023	0.090746	-0.054101	-0.049522	0.078924	-0.057856	-0.159101	0.165521	-0.126541	-0.19904	-0.020812	-0.108633	-0.071538	0.014684	-0.076481	0.121968	0.194776	-0.215557	0.00271	0.046033	0.081344	-0.02073	-0.009211	-0.059275	0.077499	0.12443	-0.101564	-0.067002	-0.012314	0.023901	0.069995	0.12514	-0.175253	0.062328	0.01767	-0.115814	0.060633	-0.111082	0.001267	-0.06639	-0.057733	-0.011608	-0.063066	0.11012	-0.135107	0.02886	-0.004346	-0.019774	-0.079584	0.092533	0.139771	-0.033162	0.043319	-0.075748	0.024958	-0.078035	-0.015357	-0.036346	0.144717	-0.148957	-0.061134	-0.096598	0.034501	0.128449	0.164787	-0.047403	0.097729	0.064198	-0.032717	0.071906	0.037184	-0.012534	-0.03693	0.085466	0.203512	-0.117183	0.127673	-0.065022	0.085695	-0.217827	-0.052084	-0.182048	-0.121451	0.046023	0.041931	0.027106	0.049173	0.089834	0.082179	-0.062337	-0.292012	0.036281	-0.180718	-0.040227	-0.107913	0.071988	0.00372	0.067591	-0.032253	0.137542	0.105775	0.049188	0.153595	0.223315	-0.119963	0.063684	-0.048271	0.094899	0.141452	0.048091	-0.037694	-0.017611	0.013423	-0.017084	0.091563	-0.04152	0.012401	0.078953	-0.125165
0.067959	0.041584	-0.05951	0.01529	0.012913	0.00013	-0.010469	-0.053389	-0.016608	-0.011376	-0.037613	-0.005033	0.01665	-0.008544	-0.018746	0.027957	-0.015894	-0.015229	-0.015804	-0.015798	-0.063674	0.021557	0.024648	0.054873	-0.024519	-0.030363	-0.006867	-0.050774	-0.026258	-0.05073	-0.003817	0.071488	0.027112	-0.051009	-0.023769	5e-06	0.024277	0.013319	0.034495	0.002577	0.030636	-0.002315	-0.046177	0.052949	-0.023312	-0.009291	0.004525	0.018235	0.010237	0.01329	-0.036652	0.020103	0.016426	0.025831	0.045389	-0.029708	0.040725	-0.008273	-0.003926	-0.009217	0.000214	0.004765	-0.00576	-0.009126	-0.033304	-0.051335	-0.025886	0.015878	0.031257	-0.002742	0.002898	0.004562	0.006763	0.015685	-0.025444	0.010124	0.001115	0.039925	0.025309	0.016631	-0.021718	-0.041529	0.033437	-0.001333	0.003362	0.013949	-0.017302	-0.045577	0.042656	-0.038507	-0.043981	-0.01697	-0.034092	-0.022226	-0.003477	-0.00862	0.000248	0.036582	-0.057163	-0.013531	-0.012005	0.037613	0.008981	0.003838	-0.027387	0.022717	0.038641	-0.010165	-0.021862	-0.016992	-0.017627	0.015742	0.01176	-0.048896	0.003939	0.006133	-0.029449	0.029005	-0.040523	0.006877	-0.022129	-0.01823	-0.00942	-0.012293	0.0099	-0.052607	0.012469	-0.007267	-0.000184	-0.01917	0.032316	0.045092	-0.005159	0.021884	-0.028807	0.012166	-0.015533	-0.018898	-0.012319	0.025558	-0.01542	-0.011939	-0.015127	0.004402	0.045507	0.052504	-0.039793	0.036042	0.032517	-0.028748	0.014549	0.023323	0.011594	-0.028245	0.006032	0.046846	-0.042544	0.027931	-0.035186	0.034714	-0.038877	0.007634	-0.058995	-0.041472	0.014053	0.017492	-0.008449	0.040415	0.026263	0.028359	-0.022022	-0.077301	0.003877	-0.059677	0.004246	-0.022985	-0.002634	-0.00138	0.035277	0.018408	0.03675	0.020993	0.022471	0.031694	0.043866	-0.041454	0.013614	-0.022786	0.004287	0.05204	0.015567	-0.03439	0.014379	0.033077	2e-06	0.029928	-0.003479	0.006567	0.018338	-0.025776
0.342225	0.366248	-0.400121	0.193659	0.112813	0.065953	-0.155317	-0.265056	-0.174591	-0.119602	-0.307555	0.111673	0.060086	-0.17748	-0.039216	0.163413	-0.100945	-0.065956	-0.12929	-0.056831	-0.41738	0.090259	0.17531	0.416762	-0.236926	-0.296701	-0.062493	-0.356029	-0.161899	-0.233697	-0.059859	0.496536	0.161914	-0.34753	-0.082327	0.010735	0.25951	-0.028549	0.290908	-0.006366	0.170139	0.108627	-0.237619	0.497056	-0.03659	0.018885	0.020472	0.137742	-0.042425	0.026102	-0.195532	0.014212	0.106301	0.097472	0.316352	-0.276675	0.341026	-0.101344	-0.057325	-0.052028	-0.00682	-0.005531	0.016832	-0.080115	-0.16979	-0.256377	-0.276513	0.277392	0.088381	0.070213	-0.060037	0.15953	-0.015364	0.160753	-0.17359	0.02975	0.100624	0.198898	0.205546	0.13422	-0.170356	-0.392145	0.153484	-0.038115	0.069726	0.133001	-0.195983	-0.156955	0.227412	-0.25334	-0.240113	0.006379	-0.221444	-0.139228	-0.075116	-0.197231	0.060556	0.312172	-0.437339	-0.149927	-0.07412	0.181635	-0.092697	0.033028	-0.184209	0.165734	0.400065	-0.193884	-0.393593	-0.060347	-0.018207	0.179632	0.031219	-0.372271	0.097903	-0.012558	-0.30621	0.263798	-0.17085	-0.01848	-0.208176	-0.01214	-0.077967	-0.09232	0.095834	-0.407409	-0.020177	-0.051486	0.087793	-0.044378	0.187782	0.336924	-0.159045	0.135829	-0.25107	-0.025298	-0.227899	-0.046821	-0.069756	0.1037	-0.286963	-0.030591	-0.098584	-0.014261	0.245575	0.230272	-0.232496	0.314932	0.246311	-0.217779	0.230189	-0.011487	-0.046834	0.000134	0.109451	0.26165	-0.137221	0.293003	-0.186961	0.310603	-0.397513	-0.038131	-0.386843	-0.165776	0.178058	0.012266	-0.01214	0.307067	0.279923	0.183293	0.021554	-0.650329	-0.008277	-0.307218	0.028759	-0.197685	0.155589	-0.052779	0.067362	0.199534	0.198511	0.107891	0.085261	0.275132	0.427345	-0.333704	0.258044	-0.177302	0.032377	0.335082	0.099245	-0.257924	0.108552	0.167933	-0.113181	0.336415	-0.102284	0.050664	0.165759	-0.257001
0.389629	0.464961	-0.350844	0.125293	0.273554	-0.248426	-0.187153	-0.340882	-0.508243	-0.268386	-0.179957	0.093378	-0.129145	-0.398914	0.090912	0.321611	0.054707	-0.342931	-0.131753	-0.209531	-0.291923	-0.025111	0.358466	0.474711	-0.131466	-0.34928	-0.136036	-0.361515	-0.207861	-0.295914	-0.228526	0.436939	0.394767	-0.266162	-0.017897	0.210787	0.146938	-0.213764	0.268836	-0.055294	-0.01522	0.005714	-0.318958	0.42338	0.041989	-0.003301	0.113825	0.338844	0.020921	0.192928	-0.19307	0.014791	0.068381	-0.067122	0.325299	-0.241257	0.27782	-0.031349	-0.254155	-0.075735	0.066326	0.268139	0.212661	-0.008127	-0.088274	-0.333617	-0.222795	0.208386	0.216845	-0.019919	-0.13634	0.275186	-0.147758	0.253295	-0.258851	-0.11781	0.227507	-0.016562	0.254647	0.253732	-0.19377	-0.365072	0.124385	0.055905	0.186922	0.170686	-0.298292	-0.294717	0.246724	-0.308423	-0.110445	-0.041611	-0.035814	-0.270152	-0.181212	-0.268914	0.115021	0.502629	-0.408925	-0.23819	-0.198675	0.194397	-0.013243	-0.047163	-9.2e-05	0.161197	0.515804	-0.152282	-0.317225	0.042179	-0.04119	0.268363	0.3079	-0.420896	-0.054713	0.037813	-0.467858	0.229731	-0.169764	0.200795	-0.224972	0.000755	-0.085553	-0.138111	0.170258	-0.475033	0.029594	0.024449	0.190294	-0.155409	0.262513	0.44207	-0.289229	0.074569	-0.254282	-0.026486	-0.130306	-0.147448	-0.235753	0.124564	-0.247826	0.022627	-0.056657	-0.22242	0.190259	0.362923	-0.194006	0.510377	0.310436	-0.28514	0.396533	-0.023473	-0.181786	0.068496	0.231494	0.410681	-0.062644	0.19697	-0.157693	0.161017	-0.513998	-0.135636	-0.453046	-0.256294	0.392597	0.044529	-0.016496	0.443079	0.307972	0.142786	-0.195757	-0.666869	-0.190053	-0.483229	-0.061688	-0.024823	0.118837	-0.091657	0.082616	0.095054	0.35311	0.278974	0.176075	0.363504	0.608666	-0.370889	0.331767	-0.070679	-0.151781	0.331522	0.337464	-0.215078	0.004042	0.243423	-0.135106	0.370431	-0.156936	0.146908	0.476203	-0.480354
0.217707	0.359509	-0.322961	0.199861	0.080465	-0.226308	-0.022721	-0.491986	-0.429055	-0.065784	-0.228221	0.128431	-0.000136	-0.368085	0.059224	0.294123	0.023395	-0.136803	-0.054575	-0.250605	-0.56314	-0.073894	0.454799	0.374581	-0.301552	-0.624929	-0.090451	-0.439642	-0.297247	-0.137057	0.031909	0.571649	0.26629	-0.030257	0.084525	0.050147	0.571126	-0.164399	0.193283	-0.242413	0.004942	0.293648	-0.48712	0.61012	0.149241	0.165597	-0.150732	0.288687	-0.186926	0.122733	-0.49078	0.052072	0.133878	0.252293	0.560339	-0.341997	0.505035	0.07741	-0.211156	-0.432417	0.234053	0.176437	-0.018548	-0.231538	-0.396909	-0.109262	-0.4719	0.394173	0.159769	0.202859	-0.270437	0.178426	-0.43713	0.409061	-0.190116	-0.354288	-0.078383	0.28114	0.119995	0.162544	0.022789	-0.435572	0.130727	0.109989	0.142086	0.10047	-0.143894	-0.217582	0.066921	-0.218423	-0.065058	0.067609	0.033747	-0.222759	-0.370518	-0.216504	-0.191615	0.302021	-0.30006	-0.124296	-0.31914	0.20208	0.01708	0.158825	-0.147795	0.079073	0.417249	0.142532	-0.525562	-0.220369	-0.185909	0.038521	0.343031	-0.600753	-0.033303	0.084928	-0.419183	0.264293	-0.043589	0.085831	-0.183012	-0.002105	-0.134396	-0.005389	0.028332	-0.621333	-0.106282	-0.006776	0.329285	-0.382352	0.419295	0.491653	-0.035707	0.0633	-0.203378	0.078547	-0.238893	-0.317032	-0.052183	0.041618	-0.222212	0.101681	0.337839	-0.223378	0.221047	0.12766	-0.141427	0.443091	0.602628	-0.434588	0.361856	0.014625	-0.370591	0.110068	0.210664	0.382687	-0.13575	0.264054	-0.090978	0.379428	-0.533147	-0.048097	-0.472762	-0.112834	0.410252	-0.104369	-0.00212	0.454096	0.317442	0.129374	0.100388	-0.761576	0.095729	-0.593343	0.218728	-0.064659	0.045915	-0.164179	-0.192754	0.579986	0.193829	0.265821	0.005249	0.352962	0.638707	-0.448161	0.45062	-0.008778	-0.277543	0.286246	0.028782	-0.229515	0.323654	0.201365	-0.199208	0.212925	-0.207072	0.101558	0.319382	-0.579672
0.313429	0.239835	-0.270747	0.202804	0.072605	0.051274	-0.031206	-0.164099	-0.121223	-0.10361	-0.243312	0.051293	-0.006042	-0.100729	0.031641	0.133758	-0.044296	-0.090547	-0.127284	-0.0741	-0.241712	0.124388	0.101442	0.299358	-0.198978	-0.211265	-0.018535	-0.240421	-0.152987	-0.061969	-0.049188	0.359697	0.09903	-0.230859	-0.104611	0.041509	0.13839	0.079471	0.173301	-0.024665	0.158546	0.056786	-0.123054	0.325541	-0.115697	-0.057447	0.053718	0.16681	-0.022367	0.003957	-0.142859	0.07234	0.057187	0.09938	0.112509	-0.197698	0.203816	-0.084484	-0.064049	-0.004047	0.025759	-0.00689	0.058606	-0.013875	-0.083311	-0.197736	-0.12393	0.11514	0.092315	0.092545	-0.039235	0.100849	0.055495	0.144208	-0.093397	0.164148	0.032625	0.015999	0.142002	0.054521	-0.147414	-0.256499	0.02282	0.025248	0.022443	0.114094	-0.120302	-0.153713	0.166859	-0.197486	-0.139153	-0.036095	-0.201604	-0.035996	-0.014741	-0.100366	0.063792	0.301738	-0.29993	-0.009599	-0.039458	0.079738	-0.08949	0.012097	-0.115397	0.136943	0.229603	-0.139785	-0.233588	-0.087311	0.041884	0.068952	0.023419	-0.220939	0.109696	0.009581	-0.155892	0.170372	-0.15535	-0.059415	-0.169847	-0.008448	-0.095586	-0.097282	0.029851	-0.172558	-0.004561	0.003894	0.118376	-0.092467	0.177378	0.29264	-0.051525	0.145266	-0.12775	-0.002624	-0.192271	-0.083066	-0.052672	0.062382	-0.191935	-0.058115	-0.087512	0.002843	0.174593	0.191987	-0.082086	0.225437	0.152829	-0.132016	0.225888	-0.035853	0.018763	-0.036061	0.096678	0.213583	-0.106285	0.167251	-0.09875	0.170888	-0.347872	-0.014609	-0.346227	-0.061829	0.106636	-0.015078	-0.002005	0.097123	0.171502	0.118931	-0.041725	-0.454141	0.028631	-0.205762	-0.028682	-0.059269	0.138016	-0.074852	0.133669	0.087356	0.123881	0.119447	0.049816	0.167497	0.221012	-0.26698	0.090179	-0.114267	0.047561	0.221659	0.118194	-0.189911	0.049625	0.112922	-0.065712	0.165115	-0.038705	-0.016331	0.103806	-0.16564
0.542223	0.424741	-0.483707	0.468463	0.427348	-0.152599	-0.002065	-0.414572	-0.394492	-0.267494	-0.437195	0.016439	-0.262109	-0.117641	0.011635	0.435732	-0.08353	-0.284669	-0.236124	-0.303792	-0.493206	0.116571	0.22619	0.638123	-0.417446	-0.296677	-0.172318	-0.528317	-0.183537	-0.145787	-0.092643	0.794358	0.280171	-0.312088	-0.074896	0.18456	0.449878	-0.045999	0.365457	0.154369	0.181432	0.063706	-0.150291	0.613013	-0.131572	-0.011355	0.249657	0.258661	0.087924	0.203118	-0.194478	0.217088	0.110944	0.218161	0.365166	-0.363694	0.514598	-0.162213	-0.38585	-0.062546	0.229416	0.233444	0.082427	-0.062108	-0.005906	-0.280368	-0.181007	0.139445	0.081241	-0.060912	0.004723	0.408208	0.043206	0.309152	-0.26643	-0.037603	0.224292	-0.054277	0.09923	0.310194	-0.187846	-0.466163	0.101116	0.030162	0.008947	0.367969	-0.29224	-0.210167	0.34742	-0.328737	-0.302374	0.006652	-0.268473	0.032616	-0.08326	-0.198845	0.014897	0.6161	-0.643357	0.009132	0.104392	-0.030353	-0.122686	0.170396	-0.091776	0.206479	0.632842	-0.154439	-0.411769	-0.190551	0.118903	0.08525	0.174629	-0.488321	0.237726	0.112053	-0.392058	0.256282	-0.276558	-0.158605	-0.23409	0.051676	-0.221159	-0.316392	0.260548	-0.545409	-0.044505	-0.005355	0.263277	-0.254741	0.329105	0.535891	-0.237455	0.179002	-0.259944	-0.001517	-0.287582	-0.21449	0.058847	0.115728	-0.436536	-0.167466	-0.065301	-0.21733	0.434495	0.292022	0.013286	0.485195	0.239611	-0.208695	0.43192	0.13394	-0.072334	-0.119004	0.208549	0.518048	-0.133231	0.207502	-0.17561	0.3474	-0.674128	-0.012015	-0.607132	-0.247492	0.435115	0.119391	-0.096626	0.389383	0.220897	0.267789	0.012841	-0.858537	-0.04206	-0.464938	-0.117566	-0.096932	0.18335	-0.101714	0.228342	0.190276	0.26021	0.13776	0.142293	0.5142	0.654517	-0.419961	0.164521	-0.24233	-0.038345	0.500659	0.357052	-0.546845	0.12036	0.268975	-0.307583	0.304044	-0.171007	-0.048082	0.39668	-0.739079
0.209568	0.104571	-0.186794	0.026676	0.040628	-0.011633	-0.016566	-0.135886	-0.117841	-0.097813	-0.129326	0.074242	0.068321	-0.109721	-0.00807	0.06688	-0.061147	-0.053532	-0.05224	-0.0206	-0.20321	0.075624	0.181818	0.148424	-0.132351	-0.143851	-0.052534	-0.205424	-0.128324	-0.11798	-0.037894	0.258553	0.083405	-0.113051	-0.035222	0.020345	0.137627	-0.015734	0.072599	-0.017426	0.010865	0.057313	-0.121939	0.237834	-0.040437	-0.01349	0.053481	0.118667	-0.00253	0.063218	-0.106447	0.019144	0.01199	0.089025	0.148226	-0.114175	0.119282	-0.042751	-0.06327	-0.026931	-0.026362	-0.019953	0.062179	-0.08646	-0.039515	-0.202649	-0.118182	0.090041	0.132923	0.05066	-0.044845	0.062249	-0.033991	0.1031	-0.112937	0.011348	0.061319	0.083135	0.09697	0.124719	-0.160487	-0.190095	0.046856	-0.047636	0.024835	0.08726	-0.115853	-0.171535	0.123366	-0.142111	-0.074366	-0.012755	-0.089744	-0.041493	-0.106633	-0.104774	0.013164	0.199463	-0.191668	-0.053033	-0.058342	0.090239	0.045087	0.050878	-0.018252	0.041924	0.167037	-0.024136	-0.226811	-0.077609	-0.061084	0.007643	0.05994	-0.184619	0.011121	-0.051619	-0.181357	0.134793	-0.082491	0.028317	-0.063941	-0.024102	-0.053173	-0.041479	0.01489	-0.195354	0.05186	-0.055449	0.099458	-0.036976	0.076916	0.173751	-0.058041	0.009896	-0.058559	0.054462	-0.094428	-0.046369	-0.064404	0.03111	-0.066896	-0.035051	-0.022442	-0.059308	0.087634	0.143392	-0.096392	0.189823	0.146126	-0.111919	0.111918	0.011532	-0.045474	0.075553	0.004567	0.186412	-0.095752	0.057624	-0.074229	0.153449	-0.180033	-0.070075	-0.206787	-0.108311	0.106067	0.074541	-0.032698	0.131627	0.14917	0.107217	-0.062141	-0.330593	-0.0532	-0.206173	0.05004	-0.098377	0.029348	-0.037937	0.009245	0.029739	0.128591	0.099854	0.012877	0.151266	0.231392	-0.14064	0.161436	-0.030355	0.032077	0.162019	0.107906	-0.09967	0.039364	0.064414	0.010638	0.093197	-0.054657	0.045348	0.132345	-0.110128
0.192833	0.092365	-0.112399	-0.00179	0.066948	-0.019067	-0.06151	-0.124323	-0.029611	-0.01738	-0.078445	-0.036223	0.026322	-0.073566	-0.066248	0.042534	-0.052316	-0.030253	-0.057218	-0.062265	-0.098625	0.046088	0.120789	0.130255	-0.018047	-0.070934	-0.025946	-0.110741	-0.098108	-0.096898	-0.012169	0.146293	0.074785	-0.113073	-0.039235	-0.027315	0.069467	-0.02739	0.079422	-0.018435	0.026741	0.057551	-0.09347	0.12499	-0.015334	-0.040985	0.010994	0.059724	0.011007	0.047499	-0.075738	0.017427	0.032753	0.052143	0.083142	-0.06609	0.123171	0.033852	0.013356	0.000611	-0.055289	-0.013229	-0.017597	-0.020373	-0.058301	-0.156831	-0.102428	0.075469	0.118261	-0.004674	-0.032095	0.049366	0.01445	0.042636	-0.080752	-0.034455	-0.005482	0.067866	0.079347	0.057953	-0.078813	-0.093843	0.086246	-0.011075	0.00261	0.028336	-0.084729	-0.091291	0.111301	-0.093724	-0.071102	-0.089543	-0.093996	-0.0381	-0.054122	-0.000456	-0.044183	0.065933	-0.128291	-0.037412	-0.046993	0.093398	0.077044	-0.013799	-0.044579	0.02812	0.080355	0.01496	-0.075608	-0.019294	-0.08347	0.031189	0.046436	-0.080124	-0.017465	0.014946	-0.098712	0.044503	-0.021578	0.094418	-0.046532	-0.02374	-0.028509	-0.007446	-0.042062	-0.11311	0.055732	-0.022663	0.055313	-0.007609	0.046542	0.089135	-0.022873	0.0233	-0.025684	0.054276	-0.016545	-0.06425	-0.054236	0.048586	-0.00126	-0.017635	-0.06277	0.000586	0.08553	0.13436	-0.061497	0.12257	0.063558	-0.075624	0.071496	0.008023	0.015592	-0.007282	0.011693	0.067499	-0.103147	0.052659	-0.068466	0.075831	-0.05844	-0.037816	-0.114444	-0.121823	0.05881	0.056129	-0.064846	0.123768	0.072858	0.051409	-0.058282	-0.137261	-0.048207	-0.152436	0.027816	-0.053057	-0.039628	-0.050171	0.050624	0.008192	0.087957	0.095867	-0.006707	0.081822	0.06422	-0.072852	0.038853	-0.02317	-0.025313	0.115033	0.039364	-0.076636	0.01812	0.075195	0.058805	0.043178	-0.017766	0.058649	0.062275	-0.038032
0.964979	0.45467	-0.349835	0.276247	0.108212	-0.712512	0.87861	-0.928998	-1.13698	-0.877631	-0.488399	0.196475	0.251838	0.117665	0.103609	0.70924	0.025403	-0.824757	0.234959	-0.032991	-0.895909	-0.112004	0.125688	0.017939	-0.74296	0.151069	-0.607429	-0.425386	-0.029259	-0.151208	-0.367688	1.16944	0.24764	0.084564	-0.408513	0.84362	0.372376	0.064613	0.51336	0.577912	-0.006284	-0.483305	-1.02128	0.060944	-0.449129	0.172843	0.126769	0.314308	0.337711	0.419259	-0.051783	0.841429	-0.282219	0.24266	0.844346	-0.077921	0.159615	-0.135206	-1.13591	-0.183641	0.53203	0.472992	0.436306	0.099836	-0.307188	-0.319788	0.431127	-0.862705	-0.246061	0.028802	-0.221274	-0.298212	-0.069531	0.40334	-0.580427	0.456229	0.434868	0.306305	-0.095776	1.03935	0.00153	-0.237351	0.097887	-0.005098	-0.033428	0.443333	0.259342	-1.01865	0.366394	-0.753567	-0.618235	0.003168	-0.1392	0.662937	0.183288	-0.326142	-0.140682	0.519932	-0.494549	0.289545	0.125806	-0.106158	0.298719	0.107189	-0.34896	0.072614	0.816153	0.018785	-0.42476	-0.431019	-0.041503	0.18408	0.99384	-0.733041	0.446359	-0.017825	0.204741	0.619677	-0.989944	-0.497606	0.075626	-0.25399	0.246626	-0.776956	1.02249	-1.1624	0.135791	-0.007702	-0.339948	-1.36806	0.860662	0.650496	0.423662	-0.274816	-0.447954	0.069444	0.04576	-0.622884	0.031164	0.931141	-0.313798	-0.362974	1.07909	-0.316191	0.474079	0.126656	-0.126949	0.498322	0.527943	-0.157579	0.314458	0.962947	-0.048452	-0.853695	0.761519	1.14221	-0.230956	0.105603	-0.192344	0.429615	-0.935794	0.357635	-0.748167	-0.260331	0.566198	0.236655	0.164043	-0.311683	-0.062375	0.7001	-0.717637	-1.59771	0.474593	-0.891243	-0.222999	-0.008468	0.498303	-0.007304	-0.115385	0.460302	0.637345	-0.1215	0.410416	0.422031	0.65987	-0.412273	-0.141945	-0.002651	0.458916	0.722827	0.254218	0.230995	0.814772	0.078876	-0.583437	0.198858	-0.070787	0.263356	0.926793	-0.919406
0.693017	1.11757	-0.600223	1.20766	1.1222	-0.581401	-0.006706	-1.06555	-0.86577	-0.480436	-0.683518	-0.094371	-0.641803	0.195545	0.226132	0.777063	0.113107	-0.91951	-0.097103	-0.363537	-0.816868	0.077833	-0.479296	1.00192	-0.696799	0.197769	-0.001224	-0.53234	0.214572	-0.319731	-0.487268	1.13339	0.789149	-0.197049	-0.289752	0.600683	0.264289	-0.150965	0.752611	0.358224	0.453064	-0.871526	-0.293932	-0.054636	-0.917896	0.236163	0.377903	0.404124	0.347097	-0.03029	0.05757	0.464871	0.601924	-0.142143	0.8358	-0.366411	0.06934	-0.514748	-0.649131	-0.027906	0.241875	0.383867	0.480448	0.055109	0.111545	-0.248744	0.383674	-0.098633	-0.600474	-0.644678	0.124246	0.021992	-0.367112	0.542907	-0.493898	0.400905	0.744942	-0.147807	0.138998	0.395987	-0.000947	-0.541842	0.321807	0.266692	0.050674	0.539052	-0.236925	-0.490301	0.292131	-0.615796	-1.18199	0.120614	-0.267144	-0.246929	-0.010102	-0.674129	0.288584	1.30646	-1.20192	0.042593	0.219025	0.024043	-0.517464	-0.165254	-0.276897	0.72629	0.992148	-0.298155	0.541006	0.362448	0.955784	0.640791	0.557723	-0.901188	0.402973	0.742621	-0.042455	0.192964	-0.912649	-0.418216	-0.47076	-0.371541	0.161717	-0.992453	0.770885	-0.853934	-0.247515	0.397598	-0.311341	-1.04194	1.0228	1.29304	-0.35732	0.765761	-0.973244	-0.002506	-0.367645	-0.882048	-0.457951	0.807971	-1.38847	-0.169522	-0.025291	-0.345004	0.518265	0.41397	-0.212783	0.675384	-0.109524	-0.314582	0.802473	0.238857	0.548655	-0.396663	1.34346	0.795361	-0.216152	0.116203	-0.442782	0.114574	-1.4138	0.12004	-1.10512	-0.850691	0.845173	0.030466	0.21759	0.133574	0.123834	0.974083	-0.240686	-0.99786	0.209244	-0.705689	-0.367789	0.063083	0.26086	-0.044488	0.828851	0.531806	0.328165	0.086707	0.356284	0.503325	0.758073	-1.1639	-0.012195	-0.282304	-0.062008	1.01222	0.137687	-0.365434	-0.101466	0.341701	-0.927413	0.741405	-0.030957	0.009545	0.747938	-1.84261
0.357501	0.096347	-0.212776	0.029719	-0.087718	-0.286375	-0.150077	-0.091383	-0.180883	-0.056668	-0.079364	-0.011262	0.032181	0.024641	-0.037321	0.05554	0.049961	-0.054708	-0.031853	-0.114974	-0.192531	-0.006166	0.334055	0.053208	-0.086474	-0.116399	-0.060899	-0.308875	-0.139738	-0.067904	-0.103105	0.121135	0.18644	0.076843	-0.139571	0.159378	-0.012104	-0.221247	-0.030426	0.006311	-0.083695	0.031939	-0.320632	0.204433	0.061401	-0.111072	0.080573	0.116694	0.093383	0.1845	-0.282205	0.126097	-0.00454	0.170113	0.132194	0.063689	0.254198	0.125215	0.024493	-0.049176	-0.017029	0.093279	0.072814	-0.05416	-0.173541	-0.192447	-0.031891	-0.002077	0.231094	0.086042	-0.198478	-0.135198	-0.098136	0.088845	-0.223466	0.058407	-0.091334	0.000519	0.260999	0.200597	-0.176836	-0.079484	0.089282	-0.013837	0.113437	0.018933	-0.053852	-0.261559	0.169899	-0.073363	0.096595	-0.103145	-0.14353	0.175468	-0.044869	-0.000318	0.077927	0.113376	-0.176559	-0.022972	-0.144136	0.20021	0.114059	-0.147576	-0.037732	0.120054	0.23301	0.086833	-0.220908	0.018066	-0.153382	-0.107996	0.181843	-0.138648	0.041205	0.094185	-0.194677	0.202012	-0.20197	0.085122	-0.113881	0.190763	-0.10376	-0.071175	-0.031872	-0.262657	0.108314	-0.181338	0.20329	-0.073699	0.012775	0.115201	0.030536	-0.024029	-0.094548	0.022337	-0.060133	-0.227838	-0.142393	0.017397	-0.054517	-0.137821	0.004106	0.020636	0.067659	0.16363	-0.015939	0.211977	0.265049	-0.158667	0.14799	0.249851	-0.032396	-0.048428	0.051563	0.196631	-0.099886	0.14921	-0.008892	0.137548	-0.026973	-0.104408	-0.262343	-0.284208	0.076018	0.208347	-0.20205	0.064065	-0.000822	0.070187	-0.12278	-0.30235	-0.04135	-0.194805	0.046976	0.142035	-0.146259	-0.032782	0.039882	-0.061087	0.256314	0.135215	0.114039	0.050892	0.039204	0.006722	-0.055256	0.120829	-0.106611	0.185522	0.181402	-0.026862	0.215268	0.006768	0.259929	0.045921	-0.095133	0.03764	0.192129	-0.196129
0.885818	0.826516	-0.63984	1.0363	0.715225	-0.468308	0.369847	-0.555781	-0.949339	-0.57353	-0.789032	0.261557	-0.371604	0.453127	0.211652	0.903588	0.01242	-0.671723	-0.336877	-0.211555	-0.918759	0.369687	-0.341411	0.758162	-0.846223	-0.085488	-0.175963	-0.673897	-0.046736	-0.576846	-0.430977	1.39195	0.13881	-0.556002	-0.299419	0.915826	0.389958	0.255274	0.662277	0.819675	0.753273	-0.409677	-0.430732	0.307818	-0.598006	-0.181328	0.757897	0.087334	0.565187	0.501423	-0.014358	0.981193	-0.131449	-0.000489	0.470645	-0.240238	0.318041	-0.397549	-1.19324	0.043104	0.6673	0.734577	0.355266	0.026622	0.039376	-0.646312	0.528477	-0.349655	-0.375607	-0.277273	0.322231	0.258991	0.43728	0.158781	-0.516851	0.767163	0.661422	-0.001254	0.021964	0.449114	-0.33381	-0.559094	0.083928	-0.011656	-0.312564	0.83974	-0.129527	-0.474706	0.771698	-0.684307	-0.855796	0.040381	-0.498438	0.272089	0.574104	-0.349021	0.628244	1.18269	-1.26076	0.124985	0.52349	-0.009828	-0.552935	-0.096498	-0.178052	0.520632	0.919419	-0.614136	-0.175601	-0.293255	0.325175	0.370618	0.71621	-0.79885	0.829916	0.349836	-0.38808	0.615811	-1.05146	-0.56754	-0.271966	0.139974	-0.096581	-0.558903	1.20531	-0.946584	-0.309965	0.115448	-0.175114	-0.882873	0.664678	0.707703	-0.249099	0.243038	-0.415248	-0.102979	-0.266092	-0.082523	0.267214	0.659076	-0.885798	-0.455245	0.041356	-0.248057	1.00235	0.335048	-0.034492	0.506073	0.227809	0.274867	0.536611	0.839384	0.0191	-0.918166	0.671978	1.28696	-0.512423	0.479516	0.020894	0.205891	-1.13703	0.161119	-1.09389	-0.162037	0.299123	0.464102	0.19884	0.046335	0.041069	0.651368	-0.186162	-1.80303	0.401503	-0.818691	-0.677449	-0.155534	0.37568	0.175172	0.524104	0.169892	0.608389	0.047357	0.584359	0.799992	1.20174	-0.488371	-0.065161	-0.278581	0.572321	0.796953	0.703807	-0.585252	0.218801	0.424231	-0.836486	0.765344	-0.25593	-0.097802	0.628152	-1.39283
0.636235	0.381021	-0.469597	0.125204	0.259149	0.130525	0.13157	-0.541431	-0.477252	-0.198455	-0.605682	0.181203	0.178934	-0.066419	0.100302	0.232484	-0.305764	-0.210425	-0.253831	-0.067506	-0.462213	0.284709	-0.005655	0.571943	-0.288854	-0.183442	0.037456	-0.273945	-0.072867	-0.31942	-0.318865	0.692156	0.106841	-0.226439	-0.348068	0.267372	0.172561	0.125275	0.368143	0.179702	0.324439	-0.133976	-0.39991	0.363194	-0.338598	-0.358244	0.143889	0.060934	0.161133	0.116909	-0.169431	0.283379	0.109392	0.270804	0.378847	-0.244676	0.272156	-0.200728	-0.301518	0.194005	0.133108	0.076896	-0.063713	-0.107897	-0.146706	-0.598261	0.024832	-0.044696	0.103578	0.034395	0.036751	-0.044744	0.278922	0.040812	-0.099536	0.432172	0.270361	0.128345	0.177965	0.187911	-0.349866	-0.447808	0.209405	-0.227047	-0.049235	0.316237	-0.131631	-0.396805	0.500188	-0.401307	-0.612129	-0.204276	-0.361968	0.125826	-0.090142	-0.309305	0.018772	0.640948	-0.590555	0.149786	0.084363	0.157448	-0.076337	0.135716	-0.246805	0.306885	0.41949	-0.190129	-0.229825	-0.188131	-0.117413	0.12953	0.163545	-0.40911	0.351349	-0.067347	-0.102268	0.189738	-0.505744	-0.068112	-0.070374	-0.164708	-0.135104	-0.228911	0.140045	-0.410559	0.221134	0.133963	-0.215642	-0.415895	0.415889	0.224947	-0.06617	0.101343	-0.216492	0.173876	-0.171273	-0.10813	-0.008184	0.447746	-0.365404	-0.091617	-0.294758	0.127407	0.314799	0.446079	-0.242815	0.323621	0.122012	-0.220836	0.327815	0.195478	0.088495	-0.372856	0.091172	0.453632	-0.292363	0.139744	-0.239283	0.191424	-0.501472	0.0773	-0.478476	-0.439605	0.171022	0.230919	-0.024596	0.20518	0.192841	0.283338	-0.297783	-0.70262	-0.050351	-0.366813	-0.068977	-0.258373	0.299168	0.010305	0.42838	-0.218529	0.395512	0.147421	0.273379	0.529573	0.293484	-0.363313	0.025612	-0.407046	0.284568	0.508262	0.038931	-0.205191	0.151267	0.04323	-0.212302	0.152118	-0.231712	0.014819	0.3581	-0.369814
1.08329	0.663051	-1.3862	0.673706	0.159296	0.252409	0.778167	-0.002534	-0.854254	-0.815783	-0.973206	-0.16239	-0.26886	0.502661	0.267749	0.500427	-0.397164	-0.644322	-0.019582	-0.127423	-1.17467	-0.218643	-0.77769	1.07905	-1.07861	0.023249	-0.284766	-0.812024	0.069758	-0.125169	-0.692904	1.78868	0.351638	0.116931	-0.40785	0.750298	0.785196	0.42977	1.13579	0.233122	0.146907	-0.775875	-0.480923	0.949015	-0.617776	-0.264801	0.296	0.615769	0.628029	-0.052226	0.397507	0.261579	0.042497	0.414265	0.319709	-0.92143	1.14125	0.034384	-0.558156	0.034563	0.165058	0.563746	0.239424	-0.137357	-0.070021	0.028194	-0.174143	0.017135	-0.227786	0.175398	0.058076	0.263751	0.389301	0.412208	-0.08716	0.328953	0.685631	-0.285337	-0.079071	1.02174	0.191501	-0.916718	-0.026307	-0.268242	0.309552	0.860016	-0.143818	-0.44694	0.108848	-0.659037	-1.02299	-0.22142	-0.994431	1.01277	0.308997	-0.503521	-0.008952	0.923391	-0.676371	0.585342	0.854178	-0.645836	-0.505642	0.454847	-0.51975	0.288166	1.52955	-0.906539	-1.13358	-0.497196	0.619618	-0.129008	0.24693	-0.697482	1.12128	0.37788	0.287303	0.760776	-0.913736	-0.943539	-0.243634	-0.299893	0.075195	-1.45507	0.466585	-1.16456	-0.177564	0.140881	-0.208324	-0.910958	0.337977	1.28111	0.10392	0.75218	-0.52909	-0.138726	-0.902142	-0.36544	0.202307	0.564422	-1.39965	-0.984415	0.093111	-0.046901	0.762718	-0.057741	0.128558	1.28822	0.19005	-0.395111	0.485876	0.109231	0.13373	0.053417	0.205487	0.523663	0.187746	0.875891	-0.731752	0.880161	-1.62767	0.705046	-1.53439	-0.523187	0.91092	-0.196728	0.045365	0.061159	0.139514	0.699827	-0.187125	-1.29078	0.552148	-0.326063	-0.240268	-0.064309	0.585853	-0.440591	0.680152	0.768935	0.468916	-0.394219	0.257336	0.538798	0.503519	-1.27931	0.020281	-0.7841	0.407537	1.33279	0.506665	-0.494131	0.509036	-0.325027	-0.931668	-0.163612	-0.114707	-0.524029	0.834444	-1.18654
1.20528	0.801451	-0.952798	0.884583	0.27484	-0.125978	0.77294	-1.01076	-0.945261	-0.83531	-1.64193	-0.413998	-0.146867	0.406254	0.288588	0.409119	-0.572763	-0.551582	-0.058271	0.113003	-1.3918	-0.03752	-1.36911	1.14227	-0.961317	-0.214203	-0.572938	-0.086257	0.382744	-0.74841	-0.473506	1.87121	-0.011174	0.02445	-0.834145	1.1776	0.281756	0.828624	0.830644	0.914208	0.63138	-1.17773	-0.946255	0.689005	-0.975266	0.079219	0.214544	0.089341	0.3939	-0.176125	-0.826665	1.25082	0.663194	1.04749	1.42056	-0.793576	0.130857	-1.09605	-1.04328	0.158056	1.35522	0.700064	-0.063821	0.132193	-0.283986	-0.338467	0.703966	-0.768783	-0.581483	-0.3182	0.532222	-0.644562	0.513753	-0.266473	-0.356281	0.818134	0.382201	0.519773	-0.461397	0.678227	0.472639	-0.147132	0.462487	-0.042282	0.010709	0.05051	0.519821	-1.51045	0.037156	-0.624004	-1.61558	0.043084	-0.85946	0.512211	0.817271	-0.094581	-0.036017	0.62849	-0.529864	0.357626	-0.122538	-0.42122	-0.496047	1.10847	-1.05417	0.784716	1.46861	-0.641445	0.523821	-0.226563	1.10593	-0.699031	-0.101261	-1.24313	1.65444	0.473862	0.120502	0.05074	-1.6151	-1.34104	-0.391454	-1.06725	0.155011	-1.52611	1.05478	-0.986437	-0.106444	-0.318597	-1.10916	-1.99273	1.14226	0.944785	-0.061533	0.792299	-1.57125	-0.185397	-1.31849	-0.919759	-0.216173	1.75244	-1.50912	-0.557417	0.341933	0.219282	0.602971	0.858153	-0.6598	0.701682	0.666294	-0.421308	-0.158715	1.1972	-0.038909	-2.07255	0.306383	1.05138	-0.306749	-0.239467	-1.34304	0.848091	-1.10413	1.09353	-1.53992	-0.627076	0.344538	0.159981	0.293464	-0.753513	-0.052139	1.39249	-0.815972	-1.79653	0.87515	-0.791491	-0.508824	-0.642942	1.40849	0.174407	0.955433	1.11879	0.343899	-0.259807	1.3736	0.581251	0.865061	-0.518315	-0.267803	-1.62864	1.0512	1.53625	0.308879	-0.449154	0.620031	-0.210345	-1.80671	0.031635	0.062465	-0.175325	0.179856	-1.43342
